file	module	line
analysis/allosteric_orthosteric_preprocessing_v1/scripts/build_uncontrolled_allosteric_orthosteric.py	__future__	9
analysis/allosteric_orthosteric_preprocessing_v1/scripts/build_uncontrolled_allosteric_orthosteric.py	csv	11
analysis/allosteric_orthosteric_preprocessing_v1/scripts/build_uncontrolled_allosteric_orthosteric.py	gzip	12
analysis/allosteric_orthosteric_preprocessing_v1/scripts/build_uncontrolled_allosteric_orthosteric.py	hashlib	13
analysis/allosteric_orthosteric_preprocessing_v1/scripts/build_uncontrolled_allosteric_orthosteric.py	io	14
analysis/allosteric_orthosteric_preprocessing_v1/scripts/build_uncontrolled_allosteric_orthosteric.py	json	15
analysis/allosteric_orthosteric_preprocessing_v1/scripts/build_uncontrolled_allosteric_orthosteric.py	pickle	16
analysis/allosteric_orthosteric_preprocessing_v1/scripts/build_uncontrolled_allosteric_orthosteric.py	re	17
analysis/allosteric_orthosteric_preprocessing_v1/scripts/build_uncontrolled_allosteric_orthosteric.py	collections	18
analysis/allosteric_orthosteric_preprocessing_v1/scripts/build_uncontrolled_allosteric_orthosteric.py	pathlib	19
analysis/allosteric_orthosteric_preprocessing_v1/scripts/build_uncontrolled_allosteric_orthosteric.py	rdkit	21
analysis/allosteric_orthosteric_preprocessing_v1/scripts/finalize_uncontrolled_package.py	__future__	3
analysis/allosteric_orthosteric_preprocessing_v1/scripts/finalize_uncontrolled_package.py	csv	5
analysis/allosteric_orthosteric_preprocessing_v1/scripts/finalize_uncontrolled_package.py	hashlib	6
analysis/allosteric_orthosteric_preprocessing_v1/scripts/finalize_uncontrolled_package.py	json	7
analysis/allosteric_orthosteric_preprocessing_v1/scripts/finalize_uncontrolled_package.py	pathlib	8
analysis/allosteric_orthosteric_preprocessing_v1/scripts/parse_gtop_orthosteric_references.py	__future__	14
analysis/allosteric_orthosteric_preprocessing_v1/scripts/parse_gtop_orthosteric_references.py	argparse	16
analysis/allosteric_orthosteric_preprocessing_v1/scripts/parse_gtop_orthosteric_references.py	csv	17
analysis/allosteric_orthosteric_preprocessing_v1/scripts/parse_gtop_orthosteric_references.py	gzip	18
analysis/allosteric_orthosteric_preprocessing_v1/scripts/parse_gtop_orthosteric_references.py	hashlib	19
analysis/allosteric_orthosteric_preprocessing_v1/scripts/parse_gtop_orthosteric_references.py	json	20
analysis/allosteric_orthosteric_preprocessing_v1/scripts/parse_gtop_orthosteric_references.py	re	21
analysis/allosteric_orthosteric_preprocessing_v1/scripts/parse_gtop_orthosteric_references.py	collections	22
analysis/allosteric_orthosteric_preprocessing_v1/scripts/parse_gtop_orthosteric_references.py	pathlib	23
analysis/allosteric_orthosteric_preprocessing_v1/scripts/parse_gtop_orthosteric_references.py	io	91
analysis/allosteric_orthosteric_preprocessing_v1/scripts/resolve_brenda_exact_structures.py	__future__	9
analysis/allosteric_orthosteric_preprocessing_v1/scripts/resolve_brenda_exact_structures.py	argparse	11
analysis/allosteric_orthosteric_preprocessing_v1/scripts/resolve_brenda_exact_structures.py	csv	12
analysis/allosteric_orthosteric_preprocessing_v1/scripts/resolve_brenda_exact_structures.py	gzip	13
analysis/allosteric_orthosteric_preprocessing_v1/scripts/resolve_brenda_exact_structures.py	hashlib	14
analysis/allosteric_orthosteric_preprocessing_v1/scripts/resolve_brenda_exact_structures.py	io	15
analysis/allosteric_orthosteric_preprocessing_v1/scripts/resolve_brenda_exact_structures.py	json	16
analysis/allosteric_orthosteric_preprocessing_v1/scripts/resolve_brenda_exact_structures.py	pickle	17
analysis/allosteric_orthosteric_preprocessing_v1/scripts/resolve_brenda_exact_structures.py	re	18
analysis/allosteric_orthosteric_preprocessing_v1/scripts/resolve_brenda_exact_structures.py	urllib.error	19
analysis/allosteric_orthosteric_preprocessing_v1/scripts/resolve_brenda_exact_structures.py	urllib.request	20
analysis/allosteric_orthosteric_preprocessing_v1/scripts/resolve_brenda_exact_structures.py	collections	21
analysis/allosteric_orthosteric_preprocessing_v1/scripts/resolve_brenda_exact_structures.py	datetime	22
analysis/allosteric_orthosteric_preprocessing_v1/scripts/resolve_brenda_exact_structures.py	pathlib	23
analysis/allosteric_orthosteric_preprocessing_v1/scripts/resolve_brenda_exact_structures.py	rdkit	25
analysis/allosteric_orthosteric_preprocessing_v1/scripts/validate_uncontrolled_allosteric_orthosteric.py	__future__	8
analysis/allosteric_orthosteric_preprocessing_v1/scripts/validate_uncontrolled_allosteric_orthosteric.py	argparse	10
analysis/allosteric_orthosteric_preprocessing_v1/scripts/validate_uncontrolled_allosteric_orthosteric.py	csv	11
analysis/allosteric_orthosteric_preprocessing_v1/scripts/validate_uncontrolled_allosteric_orthosteric.py	gzip	12
analysis/allosteric_orthosteric_preprocessing_v1/scripts/validate_uncontrolled_allosteric_orthosteric.py	hashlib	13
analysis/allosteric_orthosteric_preprocessing_v1/scripts/validate_uncontrolled_allosteric_orthosteric.py	json	14
analysis/allosteric_orthosteric_preprocessing_v1/scripts/validate_uncontrolled_allosteric_orthosteric.py	pickle	15
analysis/allosteric_orthosteric_preprocessing_v1/scripts/validate_uncontrolled_allosteric_orthosteric.py	re	16
analysis/allosteric_orthosteric_preprocessing_v1/scripts/validate_uncontrolled_allosteric_orthosteric.py	collections	17
analysis/allosteric_orthosteric_preprocessing_v1/scripts/validate_uncontrolled_allosteric_orthosteric.py	pathlib	18
analysis/allosteric_orthosteric_preprocessing_v1/scripts/validate_uncontrolled_allosteric_orthosteric.py	rdkit	20
analysis/allosteric_orthosteric_preprocessing_v1_participant_kegg_expansion/scripts/01_build_candidate_universe.py	os	16
analysis/allosteric_orthosteric_preprocessing_v1_participant_kegg_expansion/scripts/01_build_candidate_universe.py	sys	17
analysis/allosteric_orthosteric_preprocessing_v1_participant_kegg_expansion/scripts/01_build_candidate_universe.py	json	18
analysis/allosteric_orthosteric_preprocessing_v1_participant_kegg_expansion/scripts/01_build_candidate_universe.py	collections	19
analysis/allosteric_orthosteric_preprocessing_v1_participant_kegg_expansion/scripts/01_build_candidate_universe.py	common	22
analysis/allosteric_orthosteric_preprocessing_v1_participant_kegg_expansion/scripts/01_build_candidate_universe.py	collections	135
analysis/allosteric_orthosteric_preprocessing_v1_participant_kegg_expansion/scripts/02_resolve_chebi_structures.py	os	12
analysis/allosteric_orthosteric_preprocessing_v1_participant_kegg_expansion/scripts/02_resolve_chebi_structures.py	sys	13
analysis/allosteric_orthosteric_preprocessing_v1_participant_kegg_expansion/scripts/02_resolve_chebi_structures.py	csv	14
analysis/allosteric_orthosteric_preprocessing_v1_participant_kegg_expansion/scripts/02_resolve_chebi_structures.py	gzip	15
analysis/allosteric_orthosteric_preprocessing_v1_participant_kegg_expansion/scripts/02_resolve_chebi_structures.py	collections	16
analysis/allosteric_orthosteric_preprocessing_v1_participant_kegg_expansion/scripts/02_resolve_chebi_structures.py	common	19
analysis/allosteric_orthosteric_preprocessing_v1_participant_kegg_expansion/scripts/02_resolve_chebi_structures.py	rdkit	21
analysis/allosteric_orthosteric_preprocessing_v1_participant_kegg_expansion/scripts/02_resolve_chebi_structures.py	rdkit.Chem.MolStandardize	22
analysis/allosteric_orthosteric_preprocessing_v1_participant_kegg_expansion/scripts/02_resolve_chebi_structures.py	collections	170
analysis/allosteric_orthosteric_preprocessing_v1_participant_kegg_expansion/scripts/03_build_expansion_pairs.py	io	22
analysis/allosteric_orthosteric_preprocessing_v1_participant_kegg_expansion/scripts/03_build_expansion_pairs.py	os	23
analysis/allosteric_orthosteric_preprocessing_v1_participant_kegg_expansion/scripts/03_build_expansion_pairs.py	re	24
analysis/allosteric_orthosteric_preprocessing_v1_participant_kegg_expansion/scripts/03_build_expansion_pairs.py	sys	25
analysis/allosteric_orthosteric_preprocessing_v1_participant_kegg_expansion/scripts/03_build_expansion_pairs.py	gzip	26
analysis/allosteric_orthosteric_preprocessing_v1_participant_kegg_expansion/scripts/03_build_expansion_pairs.py	csv	27
analysis/allosteric_orthosteric_preprocessing_v1_participant_kegg_expansion/scripts/03_build_expansion_pairs.py	hashlib	28
analysis/allosteric_orthosteric_preprocessing_v1_participant_kegg_expansion/scripts/03_build_expansion_pairs.py	collections	29
analysis/allosteric_orthosteric_preprocessing_v1_participant_kegg_expansion/scripts/03_build_expansion_pairs.py	common	32
analysis/allosteric_orthosteric_preprocessing_v1_participant_kegg_expansion/scripts/04_validate_expansion.py	os	7
analysis/allosteric_orthosteric_preprocessing_v1_participant_kegg_expansion/scripts/04_validate_expansion.py	sys	8
analysis/allosteric_orthosteric_preprocessing_v1_participant_kegg_expansion/scripts/04_validate_expansion.py	csv	9
analysis/allosteric_orthosteric_preprocessing_v1_participant_kegg_expansion/scripts/04_validate_expansion.py	gzip	10
analysis/allosteric_orthosteric_preprocessing_v1_participant_kegg_expansion/scripts/04_validate_expansion.py	json	11
analysis/allosteric_orthosteric_preprocessing_v1_participant_kegg_expansion/scripts/04_validate_expansion.py	glob	12
analysis/allosteric_orthosteric_preprocessing_v1_participant_kegg_expansion/scripts/04_validate_expansion.py	hashlib	13
analysis/allosteric_orthosteric_preprocessing_v1_participant_kegg_expansion/scripts/04_validate_expansion.py	collections	14
analysis/allosteric_orthosteric_preprocessing_v1_participant_kegg_expansion/scripts/04_validate_expansion.py	common	64
analysis/allosteric_orthosteric_preprocessing_v1_participant_kegg_expansion/scripts/04_validate_expansion.py	rdkit	140
analysis/allosteric_orthosteric_preprocessing_v1_participant_kegg_expansion/scripts/04_validate_expansion.py	rdkit.Chem.MolStandardize	141
analysis/allosteric_orthosteric_preprocessing_v1_participant_kegg_expansion/scripts/05_depth_metrics.py	os	7
analysis/allosteric_orthosteric_preprocessing_v1_participant_kegg_expansion/scripts/05_depth_metrics.py	sys	8
analysis/allosteric_orthosteric_preprocessing_v1_participant_kegg_expansion/scripts/05_depth_metrics.py	statistics	9
analysis/allosteric_orthosteric_preprocessing_v1_participant_kegg_expansion/scripts/05_depth_metrics.py	collections	10
analysis/allosteric_orthosteric_preprocessing_v1_participant_kegg_expansion/scripts/05_depth_metrics.py	common	13
analysis/allosteric_orthosteric_preprocessing_v1_participant_kegg_expansion/scripts/06_write_checksum_manifest.py	os	6
analysis/allosteric_orthosteric_preprocessing_v1_participant_kegg_expansion/scripts/06_write_checksum_manifest.py	sys	7
analysis/allosteric_orthosteric_preprocessing_v1_participant_kegg_expansion/scripts/06_write_checksum_manifest.py	common	10
analysis/allosteric_orthosteric_preprocessing_v1_participant_kegg_expansion/scripts/common.py	csv	6
analysis/allosteric_orthosteric_preprocessing_v1_participant_kegg_expansion/scripts/common.py	glob	7
analysis/allosteric_orthosteric_preprocessing_v1_participant_kegg_expansion/scripts/common.py	gzip	8
analysis/allosteric_orthosteric_preprocessing_v1_participant_kegg_expansion/scripts/common.py	hashlib	9
analysis/allosteric_orthosteric_preprocessing_v1_participant_kegg_expansion/scripts/common.py	os	10
analysis/kinetic_allostery_model_v1/scripts/extract_k03_brenda_parameters.py	__future__	12
analysis/kinetic_allostery_model_v1/scripts/extract_k03_brenda_parameters.py	argparse	14
analysis/kinetic_allostery_model_v1/scripts/extract_k03_brenda_parameters.py	csv	15
analysis/kinetic_allostery_model_v1/scripts/extract_k03_brenda_parameters.py	gzip	16
analysis/kinetic_allostery_model_v1/scripts/extract_k03_brenda_parameters.py	hashlib	17
analysis/kinetic_allostery_model_v1/scripts/extract_k03_brenda_parameters.py	io	18
analysis/kinetic_allostery_model_v1/scripts/extract_k03_brenda_parameters.py	json	19
analysis/kinetic_allostery_model_v1/scripts/extract_k03_brenda_parameters.py	platform	20
analysis/kinetic_allostery_model_v1/scripts/extract_k03_brenda_parameters.py	re	21
analysis/kinetic_allostery_model_v1/scripts/extract_k03_brenda_parameters.py	ssl	22
analysis/kinetic_allostery_model_v1/scripts/extract_k03_brenda_parameters.py	sys	23
analysis/kinetic_allostery_model_v1/scripts/extract_k03_brenda_parameters.py	tarfile	24
analysis/kinetic_allostery_model_v1/scripts/extract_k03_brenda_parameters.py	time	25
analysis/kinetic_allostery_model_v1/scripts/extract_k03_brenda_parameters.py	urllib.parse	26
analysis/kinetic_allostery_model_v1/scripts/extract_k03_brenda_parameters.py	urllib.request	27
analysis/kinetic_allostery_model_v1/scripts/extract_k03_brenda_parameters.py	collections	28
analysis/kinetic_allostery_model_v1/scripts/extract_k03_brenda_parameters.py	datetime	29
analysis/kinetic_allostery_model_v1/scripts/extract_k03_brenda_parameters.py	pathlib	30
analysis/kinetic_allostery_model_v1/scripts/validate_k03_brenda_parameters.py	__future__	4
analysis/kinetic_allostery_model_v1/scripts/validate_k03_brenda_parameters.py	argparse	6
analysis/kinetic_allostery_model_v1/scripts/validate_k03_brenda_parameters.py	csv	7
analysis/kinetic_allostery_model_v1/scripts/validate_k03_brenda_parameters.py	hashlib	8
analysis/kinetic_allostery_model_v1/scripts/validate_k03_brenda_parameters.py	json	9
analysis/kinetic_allostery_model_v1/scripts/validate_k03_brenda_parameters.py	collections	10
analysis/kinetic_allostery_model_v1/scripts/validate_k03_brenda_parameters.py	pathlib	11
analysis/new_pairing_control_ladder/scripts/build_broad_pregraph.py	__future__	4
analysis/new_pairing_control_ladder/scripts/build_broad_pregraph.py	hashlib	6
analysis/new_pairing_control_ladder/scripts/build_broad_pregraph.py	json	7
analysis/new_pairing_control_ladder/scripts/build_broad_pregraph.py	os	8
analysis/new_pairing_control_ladder/scripts/build_broad_pregraph.py	pathlib	9
analysis/new_pairing_control_ladder/scripts/build_broad_pregraph.py	pandas	11
analysis/new_pairing_control_ladder/scripts/build_broad_structure_graphs.py	__future__	4
analysis/new_pairing_control_ladder/scripts/build_broad_structure_graphs.py	hashlib	6
analysis/new_pairing_control_ladder/scripts/build_broad_structure_graphs.py	importlib.util	7
analysis/new_pairing_control_ladder/scripts/build_broad_structure_graphs.py	json	8
analysis/new_pairing_control_ladder/scripts/build_broad_structure_graphs.py	os	9
analysis/new_pairing_control_ladder/scripts/build_broad_structure_graphs.py	pathlib	10
analysis/new_pairing_control_ladder/scripts/build_broad_structure_graphs.py	numpy	12
analysis/new_pairing_control_ladder/scripts/build_broad_structure_graphs.py	pandas	13
analysis/new_pairing_control_ladder/scripts/build_control_stage_datasets.py	__future__	4
analysis/new_pairing_control_ladder/scripts/build_control_stage_datasets.py	argparse	6
analysis/new_pairing_control_ladder/scripts/build_control_stage_datasets.py	hashlib	7
analysis/new_pairing_control_ladder/scripts/build_control_stage_datasets.py	json	8
analysis/new_pairing_control_ladder/scripts/build_control_stage_datasets.py	os	9
analysis/new_pairing_control_ladder/scripts/build_control_stage_datasets.py	collections	10
analysis/new_pairing_control_ladder/scripts/build_control_stage_datasets.py	pathlib	11
analysis/new_pairing_control_ladder/scripts/build_control_stage_datasets.py	numpy	13
analysis/new_pairing_control_ladder/scripts/build_control_stage_datasets.py	pandas	14
analysis/new_pairing_control_ladder/scripts/prepare_gpu_control_ladder.py	__future__	4
analysis/new_pairing_control_ladder/scripts/prepare_gpu_control_ladder.py	argparse	6
analysis/new_pairing_control_ladder/scripts/prepare_gpu_control_ladder.py	json	7
analysis/new_pairing_control_ladder/scripts/prepare_gpu_control_ladder.py	os	8
analysis/new_pairing_control_ladder/scripts/prepare_gpu_control_ladder.py	pickle	9
analysis/new_pairing_control_ladder/scripts/prepare_gpu_control_ladder.py	pathlib	10
analysis/new_pairing_control_ladder/scripts/prepare_gpu_control_ladder.py	numpy	12
analysis/new_pairing_control_ladder/scripts/prepare_gpu_control_ladder.py	pandas	13
analysis/new_pairing_control_ladder/scripts/prepare_gpu_control_ladder.py	torch	14
analysis/new_pairing_control_ladder/scripts/prepare_gpu_control_ladder.py	unimol_tools	125
analysis/new_pairing_control_ladder/scripts/train_control_ladder.py	__future__	4
analysis/new_pairing_control_ladder/scripts/train_control_ladder.py	argparse	6
analysis/new_pairing_control_ladder/scripts/train_control_ladder.py	importlib.util	7
analysis/new_pairing_control_ladder/scripts/train_control_ladder.py	json	8
analysis/new_pairing_control_ladder/scripts/train_control_ladder.py	math	9
analysis/new_pairing_control_ladder/scripts/train_control_ladder.py	os	10
analysis/new_pairing_control_ladder/scripts/train_control_ladder.py	random	11
analysis/new_pairing_control_ladder/scripts/train_control_ladder.py	pathlib	12
analysis/new_pairing_control_ladder/scripts/train_control_ladder.py	numpy	14
analysis/new_pairing_control_ladder/scripts/train_control_ladder.py	pandas	15
analysis/new_pairing_control_ladder/scripts/train_control_ladder.py	torch	16
analysis/new_pairing_control_ladder/scripts/train_control_ladder.py	torch.nn.functional	17
analysis/new_pairing_control_ladder/scripts/train_control_ladder.py	torch.utils.data	18
analysis/allosteric_pair_benchmark_main/scripts/aggregate_main_results.py	__future__	4
analysis/allosteric_pair_benchmark_main/scripts/aggregate_main_results.py	argparse	6
analysis/allosteric_pair_benchmark_main/scripts/aggregate_main_results.py	json	7
analysis/allosteric_pair_benchmark_main/scripts/aggregate_main_results.py	os	8
analysis/allosteric_pair_benchmark_main/scripts/aggregate_main_results.py	pathlib	9
analysis/allosteric_pair_benchmark_main/scripts/aggregate_main_results.py	numpy	11
analysis/allosteric_pair_benchmark_main/scripts/aggregate_main_results.py	pandas	12
analysis/allosteric_pair_benchmark_main/scripts/bootstrap_oof.py	__future__	4
analysis/allosteric_pair_benchmark_main/scripts/bootstrap_oof.py	argparse	6
analysis/allosteric_pair_benchmark_main/scripts/bootstrap_oof.py	json	7
analysis/allosteric_pair_benchmark_main/scripts/bootstrap_oof.py	os	8
analysis/allosteric_pair_benchmark_main/scripts/bootstrap_oof.py	pathlib	9
analysis/allosteric_pair_benchmark_main/scripts/bootstrap_oof.py	numpy	11
analysis/allosteric_pair_benchmark_main/scripts/bootstrap_oof.py	pandas	12
analysis/allosteric_pair_benchmark_main/scripts/bootstrap_split_penalty.py	argparse	15
analysis/allosteric_pair_benchmark_main/scripts/bootstrap_split_penalty.py	json	16
analysis/allosteric_pair_benchmark_main/scripts/bootstrap_split_penalty.py	multiprocessing	17
analysis/allosteric_pair_benchmark_main/scripts/bootstrap_split_penalty.py	os	18
analysis/allosteric_pair_benchmark_main/scripts/bootstrap_split_penalty.py	pathlib	19
analysis/allosteric_pair_benchmark_main/scripts/bootstrap_split_penalty.py	numpy	27
analysis/allosteric_pair_benchmark_main/scripts/bootstrap_split_penalty.py	pandas	28
analysis/allosteric_pair_benchmark_main/scripts/build_aligned_target_chains.py	__future__	11
analysis/allosteric_pair_benchmark_main/scripts/build_aligned_target_chains.py	argparse	13
analysis/allosteric_pair_benchmark_main/scripts/build_aligned_target_chains.py	glob	14
analysis/allosteric_pair_benchmark_main/scripts/build_aligned_target_chains.py	hashlib	15
analysis/allosteric_pair_benchmark_main/scripts/build_aligned_target_chains.py	json	16
analysis/allosteric_pair_benchmark_main/scripts/build_aligned_target_chains.py	os	17
analysis/allosteric_pair_benchmark_main/scripts/build_aligned_target_chains.py	re	18
analysis/allosteric_pair_benchmark_main/scripts/build_aligned_target_chains.py	time	19
analysis/allosteric_pair_benchmark_main/scripts/build_aligned_target_chains.py	pathlib	20
analysis/allosteric_pair_benchmark_main/scripts/build_aligned_target_chains.py	pandas	22
analysis/allosteric_pair_benchmark_main/scripts/build_aligned_target_chains.py	requests	23
analysis/allosteric_pair_benchmark_main/scripts/build_aligned_target_chains.py	Bio	24
analysis/allosteric_pair_benchmark_main/scripts/prepare_cpu_release.py	__future__	4
analysis/allosteric_pair_benchmark_main/scripts/prepare_cpu_release.py	argparse	6
analysis/allosteric_pair_benchmark_main/scripts/prepare_cpu_release.py	hashlib	7
analysis/allosteric_pair_benchmark_main/scripts/prepare_cpu_release.py	json	8
analysis/allosteric_pair_benchmark_main/scripts/prepare_cpu_release.py	os	9
analysis/allosteric_pair_benchmark_main/scripts/prepare_cpu_release.py	pathlib	10
analysis/allosteric_pair_benchmark_main/scripts/prepare_cpu_release.py	pandas	12
analysis/allosteric_pair_benchmark_main/scripts/prepare_exact_gpu_inputs.py	__future__	4
analysis/allosteric_pair_benchmark_main/scripts/prepare_exact_gpu_inputs.py	argparse	6
analysis/allosteric_pair_benchmark_main/scripts/prepare_exact_gpu_inputs.py	json	7
analysis/allosteric_pair_benchmark_main/scripts/prepare_exact_gpu_inputs.py	os	8
analysis/allosteric_pair_benchmark_main/scripts/prepare_exact_gpu_inputs.py	pickle	9
analysis/allosteric_pair_benchmark_main/scripts/prepare_exact_gpu_inputs.py	time	10
analysis/allosteric_pair_benchmark_main/scripts/prepare_exact_gpu_inputs.py	urllib.error	11
analysis/allosteric_pair_benchmark_main/scripts/prepare_exact_gpu_inputs.py	urllib.request	12
analysis/allosteric_pair_benchmark_main/scripts/prepare_exact_gpu_inputs.py	pathlib	13
analysis/allosteric_pair_benchmark_main/scripts/prepare_exact_gpu_inputs.py	pandas	15
analysis/allosteric_pair_benchmark_main/scripts/prepare_exact_gpu_inputs.py	torch	16
analysis/allosteric_pair_benchmark_main/scripts/prepare_exact_gpu_inputs.py	rdkit	93
analysis/allosteric_pair_benchmark_main/scripts/prepare_exact_gpu_inputs.py	rdkit.Chem	94
analysis/allosteric_pair_benchmark_main/scripts/prepare_exact_gpu_inputs.py	unimol_tools	209
analysis/allosteric_pair_benchmark_main/scripts/train_main_benchmark.py	__future__	4
analysis/allosteric_pair_benchmark_main/scripts/train_main_benchmark.py	argparse	6
analysis/allosteric_pair_benchmark_main/scripts/train_main_benchmark.py	json	7
analysis/allosteric_pair_benchmark_main/scripts/train_main_benchmark.py	math	8
analysis/allosteric_pair_benchmark_main/scripts/train_main_benchmark.py	os	9
analysis/allosteric_pair_benchmark_main/scripts/train_main_benchmark.py	random	10
analysis/allosteric_pair_benchmark_main/scripts/train_main_benchmark.py	pathlib	11
analysis/allosteric_pair_benchmark_main/scripts/train_main_benchmark.py	numpy	13
analysis/allosteric_pair_benchmark_main/scripts/train_main_benchmark.py	pandas	14
analysis/allosteric_pair_benchmark_main/scripts/train_main_benchmark.py	torch	15
analysis/allosteric_pair_benchmark_main/scripts/train_main_benchmark.py	torch.nn	16
analysis/allosteric_pair_benchmark_main/scripts/train_main_benchmark.py	torch.nn.functional	17
analysis/allosteric_pair_benchmark_main/scripts/train_main_benchmark.py	torch.utils.data	18
analysis/allosteric_pair_benchmark_main/scripts/validate_target_chain_embeddings.py	__future__	4
analysis/allosteric_pair_benchmark_main/scripts/validate_target_chain_embeddings.py	argparse	6
analysis/allosteric_pair_benchmark_main/scripts/validate_target_chain_embeddings.py	json	7
analysis/allosteric_pair_benchmark_main/scripts/validate_target_chain_embeddings.py	os	8
analysis/allosteric_pair_benchmark_main/scripts/validate_target_chain_embeddings.py	pathlib	9
analysis/allosteric_pair_benchmark_main/scripts/validate_target_chain_embeddings.py	pandas	11
analysis/allosteric_pair_benchmark_main/scripts/validate_target_chain_embeddings.py	torch	12
analysis/allosteric_pair_benchmark_main/scripts/write_release_manifest.py	argparse	4
analysis/allosteric_pair_benchmark_main/scripts/write_release_manifest.py	hashlib	5
analysis/allosteric_pair_benchmark_main/scripts/write_release_manifest.py	pathlib	6
analysis/allosteric_pair_benchmark_broad_superset/scripts/aggregate_pool_comparison.py	__future__	4
analysis/allosteric_pair_benchmark_broad_superset/scripts/aggregate_pool_comparison.py	argparse	6
analysis/allosteric_pair_benchmark_broad_superset/scripts/aggregate_pool_comparison.py	importlib.util	7
analysis/allosteric_pair_benchmark_broad_superset/scripts/aggregate_pool_comparison.py	json	8
analysis/allosteric_pair_benchmark_broad_superset/scripts/aggregate_pool_comparison.py	os	9
analysis/allosteric_pair_benchmark_broad_superset/scripts/aggregate_pool_comparison.py	pathlib	10
analysis/allosteric_pair_benchmark_broad_superset/scripts/aggregate_pool_comparison.py	numpy	12
analysis/allosteric_pair_benchmark_broad_superset/scripts/aggregate_pool_comparison.py	pandas	13
analysis/allosteric_pair_benchmark_broad_superset/scripts/bootstrap_pool_delta.py	__future__	4
analysis/allosteric_pair_benchmark_broad_superset/scripts/bootstrap_pool_delta.py	argparse	6
analysis/allosteric_pair_benchmark_broad_superset/scripts/bootstrap_pool_delta.py	importlib.util	7
analysis/allosteric_pair_benchmark_broad_superset/scripts/bootstrap_pool_delta.py	json	8
analysis/allosteric_pair_benchmark_broad_superset/scripts/bootstrap_pool_delta.py	os	9
analysis/allosteric_pair_benchmark_broad_superset/scripts/bootstrap_pool_delta.py	pathlib	10
analysis/allosteric_pair_benchmark_broad_superset/scripts/bootstrap_pool_delta.py	numpy	12
analysis/allosteric_pair_benchmark_broad_superset/scripts/bootstrap_pool_delta.py	pandas	13
analysis/allosteric_pair_benchmark_broad_superset/scripts/build_broad_superset_cpu.py	__future__	10
analysis/allosteric_pair_benchmark_broad_superset/scripts/build_broad_superset_cpu.py	argparse	12
analysis/allosteric_pair_benchmark_broad_superset/scripts/build_broad_superset_cpu.py	hashlib	13
analysis/allosteric_pair_benchmark_broad_superset/scripts/build_broad_superset_cpu.py	importlib.util	14
analysis/allosteric_pair_benchmark_broad_superset/scripts/build_broad_superset_cpu.py	json	15
analysis/allosteric_pair_benchmark_broad_superset/scripts/build_broad_superset_cpu.py	os	16
analysis/allosteric_pair_benchmark_broad_superset/scripts/build_broad_superset_cpu.py	time	17
analysis/allosteric_pair_benchmark_broad_superset/scripts/build_broad_superset_cpu.py	pathlib	18
analysis/allosteric_pair_benchmark_broad_superset/scripts/build_broad_superset_cpu.py	pandas	20
analysis/allosteric_pair_benchmark_broad_superset/scripts/build_broad_superset_cpu.py	requests	21
analysis/allosteric_pair_benchmark_broad_superset/scripts/prepare_broad_gpu_inputs.py	__future__	4
analysis/allosteric_pair_benchmark_broad_superset/scripts/prepare_broad_gpu_inputs.py	argparse	6
analysis/allosteric_pair_benchmark_broad_superset/scripts/prepare_broad_gpu_inputs.py	importlib.util	7
analysis/allosteric_pair_benchmark_broad_superset/scripts/prepare_broad_gpu_inputs.py	json	8
analysis/allosteric_pair_benchmark_broad_superset/scripts/prepare_broad_gpu_inputs.py	os	9
analysis/allosteric_pair_benchmark_broad_superset/scripts/prepare_broad_gpu_inputs.py	pickle	10
analysis/allosteric_pair_benchmark_broad_superset/scripts/prepare_broad_gpu_inputs.py	time	11
analysis/allosteric_pair_benchmark_broad_superset/scripts/prepare_broad_gpu_inputs.py	pathlib	12
analysis/allosteric_pair_benchmark_broad_superset/scripts/prepare_broad_gpu_inputs.py	pandas	14
analysis/allosteric_pair_benchmark_broad_superset/scripts/split_contract.py	__future__	4
analysis/allosteric_pair_benchmark_broad_superset/scripts/split_contract.py	pandas	6
analysis/allosteric_pair_benchmark_broad_superset/scripts/train_broad_superset.py	__future__	4
analysis/allosteric_pair_benchmark_broad_superset/scripts/train_broad_superset.py	argparse	6
analysis/allosteric_pair_benchmark_broad_superset/scripts/train_broad_superset.py	importlib.util	7
analysis/allosteric_pair_benchmark_broad_superset/scripts/train_broad_superset.py	json	8
analysis/allosteric_pair_benchmark_broad_superset/scripts/train_broad_superset.py	os	9
analysis/allosteric_pair_benchmark_broad_superset/scripts/train_broad_superset.py	sys	10
analysis/allosteric_pair_benchmark_broad_superset/scripts/train_broad_superset.py	pathlib	11
analysis/allosteric_pair_benchmark_broad_superset/scripts/train_broad_superset.py	pandas	13
analysis/allosteric_pair_benchmark_broad_superset/scripts/train_broad_superset.py	torch	14
analysis/allosteric_pair_benchmark_broad_superset/scripts/train_broad_superset.py	split_contract	17
analysis/allosteric_pair_benchmark_broad_superset/scripts/validate_cpu_bundle.py	__future__	4
analysis/allosteric_pair_benchmark_broad_superset/scripts/validate_cpu_bundle.py	argparse	6
analysis/allosteric_pair_benchmark_broad_superset/scripts/validate_cpu_bundle.py	hashlib	7
analysis/allosteric_pair_benchmark_broad_superset/scripts/validate_cpu_bundle.py	json	8
analysis/allosteric_pair_benchmark_broad_superset/scripts/validate_cpu_bundle.py	pathlib	9
analysis/allosteric_pair_benchmark_broad_superset/scripts/validate_cpu_bundle.py	pandas	11
analysis/allosteric_pair_benchmark_broad_superset/scripts/validate_extra_target_embeddings.py	__future__	4
analysis/allosteric_pair_benchmark_broad_superset/scripts/validate_extra_target_embeddings.py	argparse	6
analysis/allosteric_pair_benchmark_broad_superset/scripts/validate_extra_target_embeddings.py	json	7
analysis/allosteric_pair_benchmark_broad_superset/scripts/validate_extra_target_embeddings.py	os	8
analysis/allosteric_pair_benchmark_broad_superset/scripts/validate_extra_target_embeddings.py	pathlib	9
analysis/allosteric_pair_benchmark_broad_superset/scripts/validate_extra_target_embeddings.py	pandas	11
analysis/allosteric_pair_benchmark_broad_superset/scripts/validate_extra_target_embeddings.py	torch	12
analysis/allosteric_pair_benchmark_broad_superset/scripts/validate_split_design_cpu.py	__future__	4
analysis/allosteric_pair_benchmark_broad_superset/scripts/validate_split_design_cpu.py	argparse	6
analysis/allosteric_pair_benchmark_broad_superset/scripts/validate_split_design_cpu.py	json	7
analysis/allosteric_pair_benchmark_broad_superset/scripts/validate_split_design_cpu.py	os	8
analysis/allosteric_pair_benchmark_broad_superset/scripts/validate_split_design_cpu.py	sys	9
analysis/allosteric_pair_benchmark_broad_superset/scripts/validate_split_design_cpu.py	pathlib	10
analysis/allosteric_pair_benchmark_broad_superset/scripts/validate_split_design_cpu.py	pandas	12
analysis/allosteric_pair_benchmark_broad_superset/scripts/validate_split_design_cpu.py	split_contract	16
analysis/allosteric_pair_benchmark_broad_superset/scripts/write_manifest.py	__future__	4
analysis/allosteric_pair_benchmark_broad_superset/scripts/write_manifest.py	argparse	6
analysis/allosteric_pair_benchmark_broad_superset/scripts/write_manifest.py	hashlib	7
analysis/allosteric_pair_benchmark_broad_superset/scripts/write_manifest.py	pathlib	8
analysis/enm_common.py	ast	7
analysis/enm_common.py	csv	8
analysis/enm_common.py	json	9
analysis/enm_common.py	math	10
analysis/enm_common.py	os	11
analysis/enm_common.py	re	12
analysis/enm_common.py	collections	13
analysis/enm_common.py	gemmi	15
analysis/enm_common.py	numpy	16
analysis/enm_common.py	prody	17
analysis/new_pairing_d1_pilot/scripts/train_family_model_pilot.py	__future__	4
analysis/new_pairing_d1_pilot/scripts/train_family_model_pilot.py	argparse	6
analysis/new_pairing_d1_pilot/scripts/train_family_model_pilot.py	json	7
analysis/new_pairing_d1_pilot/scripts/train_family_model_pilot.py	math	8
analysis/new_pairing_d1_pilot/scripts/train_family_model_pilot.py	os	9
analysis/new_pairing_d1_pilot/scripts/train_family_model_pilot.py	random	10
analysis/new_pairing_d1_pilot/scripts/train_family_model_pilot.py	pathlib	11
analysis/new_pairing_d1_pilot/scripts/train_family_model_pilot.py	numpy	13
analysis/new_pairing_d1_pilot/scripts/train_family_model_pilot.py	pandas	14
analysis/new_pairing_d1_pilot/scripts/train_family_model_pilot.py	torch	15
analysis/new_pairing_d1_pilot/scripts/train_family_model_pilot.py	torch.nn	16
analysis/new_pairing_d1_pilot/scripts/train_family_model_pilot.py	torch.nn.functional	17
analysis/new_pairing_d1_pilot/scripts/train_family_model_pilot.py	torch.utils.data	18
analysis/new_pairing_d1_pilot/scripts/build_structure_graphs.py	__future__	10
analysis/new_pairing_d1_pilot/scripts/build_structure_graphs.py	gzip	12
analysis/new_pairing_d1_pilot/scripts/build_structure_graphs.py	hashlib	13
analysis/new_pairing_d1_pilot/scripts/build_structure_graphs.py	json	14
analysis/new_pairing_d1_pilot/scripts/build_structure_graphs.py	os	15
analysis/new_pairing_d1_pilot/scripts/build_structure_graphs.py	collections	16
analysis/new_pairing_d1_pilot/scripts/build_structure_graphs.py	pathlib	17
analysis/new_pairing_d1_pilot/scripts/build_structure_graphs.py	numpy	19
analysis/new_pairing_d1_pilot/scripts/build_structure_graphs.py	pandas	20
analysis/new_pairing_d1_pilot/scripts/build_structure_graphs.py	Bio	21
analysis/new_pairing_d1_pilot/scripts/build_structure_graphs.py	Bio.PDB	22
analysis/allosteric_pair_benchmark_main/tests/test_metric_consistency.py	importlib.util	4
analysis/allosteric_pair_benchmark_main/tests/test_metric_consistency.py	pathlib	5
analysis/allosteric_pair_benchmark_main/tests/test_metric_consistency.py	numpy	7
analysis/allosteric_pair_benchmark_main/tests/test_metric_consistency.py	pandas	8
analysis/allosteric_pair_benchmark_main/tests/test_coordinate_contract.py	pathlib	4
analysis/allosteric_pair_benchmark_main/tests/test_coordinate_contract.py	hashlib	5
analysis/allosteric_pair_benchmark_main/tests/test_coordinate_contract.py	json	6
analysis/allosteric_pair_benchmark_main/tests/test_coordinate_contract.py	pandas	8
analysis/role_complete_pair_matrix/scripts/aggregate_chembl.py	__future__	4
analysis/role_complete_pair_matrix/scripts/aggregate_chembl.py	argparse	6
analysis/role_complete_pair_matrix/scripts/aggregate_chembl.py	hashlib	7
analysis/role_complete_pair_matrix/scripts/aggregate_chembl.py	json	8
analysis/role_complete_pair_matrix/scripts/aggregate_chembl.py	os	9
analysis/role_complete_pair_matrix/scripts/aggregate_chembl.py	pathlib	10
analysis/role_complete_pair_matrix/scripts/aggregate_chembl.py	numpy	12
analysis/role_complete_pair_matrix/scripts/aggregate_chembl.py	pandas	13
analysis/role_complete_pair_matrix/scripts/aggregate_chembl.py	sklearn.metrics	14
analysis/role_complete_pair_matrix/scripts/aggregate_matrix.py	__future__	4
analysis/role_complete_pair_matrix/scripts/aggregate_matrix.py	argparse	6
analysis/role_complete_pair_matrix/scripts/aggregate_matrix.py	hashlib	7
analysis/role_complete_pair_matrix/scripts/aggregate_matrix.py	json	8
analysis/role_complete_pair_matrix/scripts/aggregate_matrix.py	os	9
analysis/role_complete_pair_matrix/scripts/aggregate_matrix.py	pathlib	10
analysis/role_complete_pair_matrix/scripts/aggregate_matrix.py	numpy	12
analysis/role_complete_pair_matrix/scripts/aggregate_matrix.py	pandas	13
analysis/role_complete_pair_matrix/scripts/analyze_matrix_patterns.py	__future__	4
analysis/role_complete_pair_matrix/scripts/analyze_matrix_patterns.py	argparse	6
analysis/role_complete_pair_matrix/scripts/analyze_matrix_patterns.py	json	7
analysis/role_complete_pair_matrix/scripts/analyze_matrix_patterns.py	os	8
analysis/role_complete_pair_matrix/scripts/analyze_matrix_patterns.py	pathlib	9
analysis/role_complete_pair_matrix/scripts/analyze_matrix_patterns.py	pandas	11
analysis/role_complete_pair_matrix/scripts/bootstrap_matrix.py	__future__	4
analysis/role_complete_pair_matrix/scripts/bootstrap_matrix.py	argparse	6
analysis/role_complete_pair_matrix/scripts/bootstrap_matrix.py	concurrent.futures	7
analysis/role_complete_pair_matrix/scripts/bootstrap_matrix.py	hashlib	8
analysis/role_complete_pair_matrix/scripts/bootstrap_matrix.py	json	9
analysis/role_complete_pair_matrix/scripts/bootstrap_matrix.py	os	10
analysis/role_complete_pair_matrix/scripts/bootstrap_matrix.py	pathlib	11
analysis/role_complete_pair_matrix/scripts/bootstrap_matrix.py	numpy	13
analysis/role_complete_pair_matrix/scripts/bootstrap_matrix.py	pandas	14
analysis/role_complete_pair_matrix/scripts/build_cpu_contract.py	__future__	4
analysis/role_complete_pair_matrix/scripts/build_cpu_contract.py	argparse	6
analysis/role_complete_pair_matrix/scripts/build_cpu_contract.py	hashlib	7
analysis/role_complete_pair_matrix/scripts/build_cpu_contract.py	json	8
analysis/role_complete_pair_matrix/scripts/build_cpu_contract.py	os	9
analysis/role_complete_pair_matrix/scripts/build_cpu_contract.py	pathlib	10
analysis/role_complete_pair_matrix/scripts/build_cpu_contract.py	numpy	12
analysis/role_complete_pair_matrix/scripts/build_cpu_contract.py	pandas	13
analysis/role_complete_pair_matrix/scripts/bundle_fit_audit.py	__future__	4
analysis/role_complete_pair_matrix/scripts/bundle_fit_audit.py	argparse	6
analysis/role_complete_pair_matrix/scripts/bundle_fit_audit.py	hashlib	7
analysis/role_complete_pair_matrix/scripts/bundle_fit_audit.py	json	8
analysis/role_complete_pair_matrix/scripts/bundle_fit_audit.py	os	9
analysis/role_complete_pair_matrix/scripts/bundle_fit_audit.py	tarfile	10
analysis/role_complete_pair_matrix/scripts/bundle_fit_audit.py	pathlib	11
analysis/role_complete_pair_matrix/scripts/gpu_preflight.py	__future__	4
analysis/role_complete_pair_matrix/scripts/gpu_preflight.py	argparse	6
analysis/role_complete_pair_matrix/scripts/gpu_preflight.py	hashlib	7
analysis/role_complete_pair_matrix/scripts/gpu_preflight.py	json	8
analysis/role_complete_pair_matrix/scripts/gpu_preflight.py	os	9
analysis/role_complete_pair_matrix/scripts/gpu_preflight.py	sys	10
analysis/role_complete_pair_matrix/scripts/gpu_preflight.py	pathlib	11
analysis/role_complete_pair_matrix/scripts/gpu_preflight.py	pandas	13
analysis/role_complete_pair_matrix/scripts/gpu_preflight.py	torch	14
analysis/role_complete_pair_matrix/scripts/gpu_preflight.py	model_definitions	17
analysis/role_complete_pair_matrix/scripts/infer_chembl.py	__future__	4
analysis/role_complete_pair_matrix/scripts/infer_chembl.py	argparse	6
analysis/role_complete_pair_matrix/scripts/infer_chembl.py	hashlib	7
analysis/role_complete_pair_matrix/scripts/infer_chembl.py	importlib.util	8
analysis/role_complete_pair_matrix/scripts/infer_chembl.py	json	9
analysis/role_complete_pair_matrix/scripts/infer_chembl.py	os	10
analysis/role_complete_pair_matrix/scripts/infer_chembl.py	sys	11
analysis/role_complete_pair_matrix/scripts/infer_chembl.py	pathlib	12
analysis/role_complete_pair_matrix/scripts/infer_chembl.py	numpy	14
analysis/role_complete_pair_matrix/scripts/infer_chembl.py	pandas	15
analysis/role_complete_pair_matrix/scripts/infer_chembl.py	torch	16
analysis/role_complete_pair_matrix/scripts/infer_chembl.py	model_definitions	19
analysis/role_complete_pair_matrix/scripts/model_definitions.py	__future__	4
analysis/role_complete_pair_matrix/scripts/model_definitions.py	torch	6
analysis/role_complete_pair_matrix/scripts/model_definitions.py	torch.nn	7
analysis/role_complete_pair_matrix/scripts/train_deploy_models.py	__future__	4
analysis/role_complete_pair_matrix/scripts/train_deploy_models.py	argparse	6
analysis/role_complete_pair_matrix/scripts/train_deploy_models.py	hashlib	7
analysis/role_complete_pair_matrix/scripts/train_deploy_models.py	importlib.util	8
analysis/role_complete_pair_matrix/scripts/train_deploy_models.py	json	9
analysis/role_complete_pair_matrix/scripts/train_deploy_models.py	os	10
analysis/role_complete_pair_matrix/scripts/train_deploy_models.py	sys	11
analysis/role_complete_pair_matrix/scripts/train_deploy_models.py	pathlib	12
analysis/role_complete_pair_matrix/scripts/train_deploy_models.py	numpy	14
analysis/role_complete_pair_matrix/scripts/train_deploy_models.py	pandas	15
analysis/role_complete_pair_matrix/scripts/train_deploy_models.py	torch	16
analysis/role_complete_pair_matrix/scripts/train_deploy_models.py	torch.nn.functional	17
analysis/role_complete_pair_matrix/scripts/train_deploy_models.py	torch.utils.data	18
analysis/role_complete_pair_matrix/scripts/train_deploy_models.py	model_definitions	21
analysis/role_complete_pair_matrix/scripts/train_matrix.py	__future__	4
analysis/role_complete_pair_matrix/scripts/train_matrix.py	argparse	6
analysis/role_complete_pair_matrix/scripts/train_matrix.py	hashlib	7
analysis/role_complete_pair_matrix/scripts/train_matrix.py	importlib.util	8
analysis/role_complete_pair_matrix/scripts/train_matrix.py	json	9
analysis/role_complete_pair_matrix/scripts/train_matrix.py	math	10
analysis/role_complete_pair_matrix/scripts/train_matrix.py	os	11
analysis/role_complete_pair_matrix/scripts/train_matrix.py	random	12
analysis/role_complete_pair_matrix/scripts/train_matrix.py	sys	13
analysis/role_complete_pair_matrix/scripts/train_matrix.py	pathlib	14
analysis/role_complete_pair_matrix/scripts/train_matrix.py	numpy	16
analysis/role_complete_pair_matrix/scripts/train_matrix.py	pandas	17
analysis/role_complete_pair_matrix/scripts/train_matrix.py	torch	18
analysis/role_complete_pair_matrix/scripts/train_matrix.py	torch.nn.functional	19
analysis/role_complete_pair_matrix/scripts/train_matrix.py	torch.utils.data	20
analysis/role_complete_pair_matrix/scripts/train_matrix.py	model_definitions	23
analysis/explicit_double_unseen/scripts/aggregate.py	argparse	2
analysis/explicit_double_unseen/scripts/aggregate.py	concurrent.futures	3
analysis/explicit_double_unseen/scripts/aggregate.py	json	4
analysis/explicit_double_unseen/scripts/aggregate.py	numpy	5
analysis/explicit_double_unseen/scripts/aggregate.py	pandas	6
analysis/explicit_double_unseen/scripts/aggregate.py	common	7
analysis/explicit_double_unseen/scripts/aggregate.py	validate_fits	8
analysis/explicit_double_unseen/scripts/base_trainer.py	__future__	4
analysis/explicit_double_unseen/scripts/base_trainer.py	argparse	6
analysis/explicit_double_unseen/scripts/base_trainer.py	json	7
analysis/explicit_double_unseen/scripts/base_trainer.py	math	8
analysis/explicit_double_unseen/scripts/base_trainer.py	os	9
analysis/explicit_double_unseen/scripts/base_trainer.py	random	10
analysis/explicit_double_unseen/scripts/base_trainer.py	pathlib	11
analysis/explicit_double_unseen/scripts/base_trainer.py	numpy	13
analysis/explicit_double_unseen/scripts/base_trainer.py	pandas	14
analysis/explicit_double_unseen/scripts/base_trainer.py	torch	15
analysis/explicit_double_unseen/scripts/base_trainer.py	torch.nn	16
analysis/explicit_double_unseen/scripts/base_trainer.py	torch.nn.functional	17
analysis/explicit_double_unseen/scripts/base_trainer.py	torch.utils.data	18
analysis/explicit_double_unseen/scripts/build_contract.py	json	2
analysis/explicit_double_unseen/scripts/build_contract.py	shutil	3
analysis/explicit_double_unseen/scripts/build_contract.py	pathlib	4
analysis/explicit_double_unseen/scripts/build_contract.py	numpy	5
analysis/explicit_double_unseen/scripts/build_contract.py	pandas	6
analysis/explicit_double_unseen/scripts/build_contract.py	common	7
analysis/explicit_double_unseen/scripts/build_contract.py	common	8
analysis/explicit_double_unseen/scripts/check_contract.py	json	2
analysis/explicit_double_unseen/scripts/check_contract.py	ast	3
analysis/explicit_double_unseen/scripts/check_contract.py	pathlib	4
analysis/explicit_double_unseen/scripts/check_contract.py	numpy	5
analysis/explicit_double_unseen/scripts/check_contract.py	pandas	6
analysis/explicit_double_unseen/scripts/check_contract.py	common	7
analysis/explicit_double_unseen/scripts/check_contract.py	common	8
analysis/explicit_double_unseen/scripts/check_contract.py	aggregate	40
analysis/explicit_double_unseen/scripts/common.py	hashlib	2
analysis/explicit_double_unseen/scripts/common.py	json	3
analysis/explicit_double_unseen/scripts/common.py	os	4
analysis/explicit_double_unseen/scripts/common.py	pathlib	5
analysis/explicit_double_unseen/scripts/common.py	numpy	7
analysis/explicit_double_unseen/scripts/common.py	pandas	8
analysis/explicit_double_unseen/scripts/extract_return.py	sys	2
analysis/explicit_double_unseen/scripts/extract_return.py	tarfile	3
analysis/explicit_double_unseen/scripts/extract_return.py	pathlib	4
analysis/explicit_double_unseen/scripts/extract_return.py	common	5
analysis/explicit_double_unseen/scripts/gpu_preflight.py	argparse	2
analysis/explicit_double_unseen/scripts/gpu_preflight.py	json	3
analysis/explicit_double_unseen/scripts/gpu_preflight.py	pathlib	4
analysis/explicit_double_unseen/scripts/gpu_preflight.py	numpy	5
analysis/explicit_double_unseen/scripts/gpu_preflight.py	pandas	6
analysis/explicit_double_unseen/scripts/gpu_preflight.py	common	7
analysis/explicit_double_unseen/scripts/gpu_preflight.py	torch	44
analysis/explicit_double_unseen/scripts/gpu_preflight.py	trainer_core	45
analysis/explicit_double_unseen/scripts/gpu_preflight.py	base_trainer	46
analysis/explicit_double_unseen/scripts/model_definitions.py	__future__	4
analysis/explicit_double_unseen/scripts/model_definitions.py	torch	6
analysis/explicit_double_unseen/scripts/model_definitions.py	torch.nn	7
analysis/explicit_double_unseen/scripts/status.py	json	2
analysis/explicit_double_unseen/scripts/status.py	collections	3
analysis/explicit_double_unseen/scripts/status.py	common	4
analysis/explicit_double_unseen/scripts/train_gpu.py	argparse	2
analysis/explicit_double_unseen/scripts/train_gpu.py	json	3
analysis/explicit_double_unseen/scripts/train_gpu.py	types	4
analysis/explicit_double_unseen/scripts/train_gpu.py	pathlib	5
analysis/explicit_double_unseen/scripts/train_gpu.py	torch	6
analysis/explicit_double_unseen/scripts/train_gpu.py	trainer_core	7
analysis/explicit_double_unseen/scripts/train_gpu.py	base_trainer	8
analysis/explicit_double_unseen/scripts/train_gpu.py	common	9
analysis/explicit_double_unseen/scripts/train_gpu.py	gpu_preflight	10
analysis/explicit_double_unseen/scripts/trainer_core.py	__future__	6
analysis/explicit_double_unseen/scripts/trainer_core.py	argparse	8
analysis/explicit_double_unseen/scripts/trainer_core.py	hashlib	9
analysis/explicit_double_unseen/scripts/trainer_core.py	importlib.util	10
analysis/explicit_double_unseen/scripts/trainer_core.py	json	11
analysis/explicit_double_unseen/scripts/trainer_core.py	math	12
analysis/explicit_double_unseen/scripts/trainer_core.py	os	13
analysis/explicit_double_unseen/scripts/trainer_core.py	random	14
analysis/explicit_double_unseen/scripts/trainer_core.py	sys	15
analysis/explicit_double_unseen/scripts/trainer_core.py	time	16
analysis/explicit_double_unseen/scripts/trainer_core.py	pathlib	17
analysis/explicit_double_unseen/scripts/trainer_core.py	numpy	19
analysis/explicit_double_unseen/scripts/trainer_core.py	pandas	20
analysis/explicit_double_unseen/scripts/trainer_core.py	torch	21
analysis/explicit_double_unseen/scripts/trainer_core.py	torch.nn.functional	22
analysis/explicit_double_unseen/scripts/trainer_core.py	torch.utils.data	23
analysis/explicit_double_unseen/scripts/trainer_core.py	model_definitions	26
analysis/explicit_double_unseen/scripts/trainer_core.py	common	331
analysis/explicit_double_unseen/scripts/validate_fits.py	json	2
analysis/explicit_double_unseen/scripts/validate_fits.py	numpy	3
analysis/explicit_double_unseen/scripts/validate_fits.py	pandas	4
analysis/explicit_double_unseen/scripts/validate_fits.py	common	5
analysis/double_anchored_lofo/scripts/aggregate.py	argparse	2
analysis/double_anchored_lofo/scripts/aggregate.py	hashlib	3
analysis/double_anchored_lofo/scripts/aggregate.py	concurrent.futures	4
analysis/double_anchored_lofo/scripts/aggregate.py	numpy	5
analysis/double_anchored_lofo/scripts/aggregate.py	pandas	6
analysis/double_anchored_lofo/scripts/aggregate.py	common	7
analysis/double_anchored_lofo/scripts/aggregate.py	metrics	8
analysis/double_anchored_lofo/scripts/aggregate.py	validate_fits	9
analysis/double_anchored_lofo/scripts/base_trainer.py	__future__	4
analysis/double_anchored_lofo/scripts/base_trainer.py	argparse	6
analysis/double_anchored_lofo/scripts/base_trainer.py	json	7
analysis/double_anchored_lofo/scripts/base_trainer.py	math	8
analysis/double_anchored_lofo/scripts/base_trainer.py	os	9
analysis/double_anchored_lofo/scripts/base_trainer.py	random	10
analysis/double_anchored_lofo/scripts/base_trainer.py	pathlib	11
analysis/double_anchored_lofo/scripts/base_trainer.py	numpy	13
analysis/double_anchored_lofo/scripts/base_trainer.py	pandas	14
analysis/double_anchored_lofo/scripts/base_trainer.py	torch	15
analysis/double_anchored_lofo/scripts/base_trainer.py	torch.nn	16
analysis/double_anchored_lofo/scripts/base_trainer.py	torch.nn.functional	17
analysis/double_anchored_lofo/scripts/base_trainer.py	torch.utils.data	18
analysis/double_anchored_lofo/scripts/build_contract.py	json	2
analysis/double_anchored_lofo/scripts/build_contract.py	shutil	3
analysis/double_anchored_lofo/scripts/build_contract.py	pathlib	4
analysis/double_anchored_lofo/scripts/build_contract.py	pandas	5
analysis/double_anchored_lofo/scripts/build_contract.py	common	6
analysis/double_anchored_lofo/scripts/build_contract.py	common	7
analysis/double_anchored_lofo/scripts/common.py	hashlib	2
analysis/double_anchored_lofo/scripts/common.py	json	3
analysis/double_anchored_lofo/scripts/common.py	os	4
analysis/double_anchored_lofo/scripts/common.py	pathlib	5
analysis/double_anchored_lofo/scripts/common.py	numpy	6
analysis/double_anchored_lofo/scripts/common.py	pandas	7
analysis/double_anchored_lofo/scripts/gpu_runtime.py	argparse	2
analysis/double_anchored_lofo/scripts/gpu_runtime.py	json	3
analysis/double_anchored_lofo/scripts/gpu_runtime.py	os	4
analysis/double_anchored_lofo/scripts/gpu_runtime.py	time	5
analysis/double_anchored_lofo/scripts/gpu_runtime.py	numpy	6
analysis/double_anchored_lofo/scripts/gpu_runtime.py	pandas	7
analysis/double_anchored_lofo/scripts/gpu_runtime.py	torch	8
analysis/double_anchored_lofo/scripts/gpu_runtime.py	torch.utils.data	9
analysis/double_anchored_lofo/scripts/gpu_runtime.py	base_trainer	10
analysis/double_anchored_lofo/scripts/gpu_runtime.py	model_definitions	11
analysis/double_anchored_lofo/scripts/gpu_runtime.py	common	12
analysis/double_anchored_lofo/scripts/gpu_runtime.py	queue_jobs	13
analysis/double_anchored_lofo/scripts/metrics.py	numpy	2
analysis/double_anchored_lofo/scripts/metrics.py	pandas	3
analysis/double_anchored_lofo/scripts/model_definitions.py	__future__	4
analysis/double_anchored_lofo/scripts/model_definitions.py	torch	6
analysis/double_anchored_lofo/scripts/model_definitions.py	torch.nn	7
analysis/double_anchored_lofo/scripts/package_return.py	tarfile	2
analysis/double_anchored_lofo/scripts/package_return.py	common	3
analysis/double_anchored_lofo/scripts/queue_jobs.py	json	2
analysis/double_anchored_lofo/scripts/queue_jobs.py	sqlite3	3
analysis/double_anchored_lofo/scripts/queue_jobs.py	time	4
analysis/double_anchored_lofo/scripts/queue_jobs.py	common	5
analysis/double_anchored_lofo/scripts/status.py	json	2
analysis/double_anchored_lofo/scripts/status.py	time	3
analysis/double_anchored_lofo/scripts/status.py	collections	4
analysis/double_anchored_lofo/scripts/status.py	common	5
analysis/double_anchored_lofo/scripts/status.py	queue_jobs	6
analysis/double_anchored_lofo/scripts/test_contract.py	ast	2
analysis/double_anchored_lofo/scripts/test_contract.py	json	3
analysis/double_anchored_lofo/scripts/test_contract.py	subprocess	4
analysis/double_anchored_lofo/scripts/test_contract.py	numpy	5
analysis/double_anchored_lofo/scripts/test_contract.py	pandas	6
analysis/double_anchored_lofo/scripts/test_contract.py	common	7
analysis/double_anchored_lofo/scripts/test_contract.py	metrics	8
analysis/double_anchored_lofo/scripts/test_contract.py	aggregate	41
analysis/double_anchored_lofo/scripts/test_pipeline.py	json	6
analysis/double_anchored_lofo/scripts/test_pipeline.py	shutil	7
analysis/double_anchored_lofo/scripts/test_pipeline.py	sys	8
analysis/double_anchored_lofo/scripts/test_pipeline.py	tempfile	9
analysis/double_anchored_lofo/scripts/test_pipeline.py	concurrent.futures	10
analysis/double_anchored_lofo/scripts/test_pipeline.py	pathlib	11
analysis/double_anchored_lofo/scripts/test_pipeline.py	pandas	12
analysis/double_anchored_lofo/scripts/test_pipeline.py	common	13
analysis/double_anchored_lofo/scripts/test_pipeline.py	validate_fits	27
analysis/double_anchored_lofo/scripts/test_pipeline.py	aggregate	28
analysis/double_anchored_lofo/scripts/test_pipeline.py	queue_jobs	36
analysis/double_anchored_lofo/scripts/transfer.py	argparse	2
analysis/double_anchored_lofo/scripts/transfer.py	tarfile	3
analysis/double_anchored_lofo/scripts/transfer.py	pathlib	4
analysis/double_anchored_lofo/scripts/transfer.py	common	5
analysis/double_anchored_lofo/scripts/validate_fits.py	json	2
analysis/double_anchored_lofo/scripts/validate_fits.py	numpy	3
analysis/double_anchored_lofo/scripts/validate_fits.py	pandas	4
analysis/double_anchored_lofo/scripts/validate_fits.py	common	5
analysis/ligand_anchored_benchmark/scripts/aggregate.py	argparse	2
analysis/ligand_anchored_benchmark/scripts/aggregate.py	concurrent.futures	3
analysis/ligand_anchored_benchmark/scripts/aggregate.py	numpy	4
analysis/ligand_anchored_benchmark/scripts/aggregate.py	pandas	5
analysis/ligand_anchored_benchmark/scripts/aggregate.py	common	6
analysis/ligand_anchored_benchmark/scripts/aggregate.py	metrics	7
analysis/ligand_anchored_benchmark/scripts/aggregate.py	validate_fits	8
analysis/ligand_anchored_benchmark/scripts/aggregate.py	matrix_overview	70
analysis/ligand_anchored_benchmark/scripts/base_trainer.py	__future__	4
analysis/ligand_anchored_benchmark/scripts/base_trainer.py	argparse	6
analysis/ligand_anchored_benchmark/scripts/base_trainer.py	json	7
analysis/ligand_anchored_benchmark/scripts/base_trainer.py	math	8
analysis/ligand_anchored_benchmark/scripts/base_trainer.py	os	9
analysis/ligand_anchored_benchmark/scripts/base_trainer.py	random	10
analysis/ligand_anchored_benchmark/scripts/base_trainer.py	pathlib	11
analysis/ligand_anchored_benchmark/scripts/base_trainer.py	numpy	13
analysis/ligand_anchored_benchmark/scripts/base_trainer.py	pandas	14
analysis/ligand_anchored_benchmark/scripts/base_trainer.py	torch	15
analysis/ligand_anchored_benchmark/scripts/base_trainer.py	torch.nn	16
analysis/ligand_anchored_benchmark/scripts/base_trainer.py	torch.nn.functional	17
analysis/ligand_anchored_benchmark/scripts/base_trainer.py	torch.utils.data	18
analysis/ligand_anchored_benchmark/scripts/build_contract.py	json	2
analysis/ligand_anchored_benchmark/scripts/build_contract.py	shutil	3
analysis/ligand_anchored_benchmark/scripts/build_contract.py	pandas	4
analysis/ligand_anchored_benchmark/scripts/build_contract.py	common	5
analysis/ligand_anchored_benchmark/scripts/common.py	hashlib	2
analysis/ligand_anchored_benchmark/scripts/common.py	json	3
analysis/ligand_anchored_benchmark/scripts/common.py	os	4
analysis/ligand_anchored_benchmark/scripts/common.py	pathlib	5
analysis/ligand_anchored_benchmark/scripts/common.py	numpy	6
analysis/ligand_anchored_benchmark/scripts/common.py	pandas	7
analysis/ligand_anchored_benchmark/scripts/common.py	metrics	8
analysis/ligand_anchored_benchmark/scripts/gpu_runtime.py	argparse	2
analysis/ligand_anchored_benchmark/scripts/gpu_runtime.py	json	3
analysis/ligand_anchored_benchmark/scripts/gpu_runtime.py	os	4
analysis/ligand_anchored_benchmark/scripts/gpu_runtime.py	time	5
analysis/ligand_anchored_benchmark/scripts/gpu_runtime.py	numpy	6
analysis/ligand_anchored_benchmark/scripts/gpu_runtime.py	pandas	7
analysis/ligand_anchored_benchmark/scripts/gpu_runtime.py	torch	8
analysis/ligand_anchored_benchmark/scripts/gpu_runtime.py	torch.utils.data	9
analysis/ligand_anchored_benchmark/scripts/gpu_runtime.py	base_trainer	10
analysis/ligand_anchored_benchmark/scripts/gpu_runtime.py	model_definitions	11
analysis/ligand_anchored_benchmark/scripts/gpu_runtime.py	common	12
analysis/ligand_anchored_benchmark/scripts/gpu_runtime.py	queue_jobs	13
analysis/ligand_anchored_benchmark/scripts/matrix_overview.py	pandas	2
analysis/ligand_anchored_benchmark/scripts/matrix_overview.py	common	3
analysis/ligand_anchored_benchmark/scripts/metrics.py	numpy	2
analysis/ligand_anchored_benchmark/scripts/metrics.py	pandas	3
analysis/ligand_anchored_benchmark/scripts/model_definitions.py	__future__	4
analysis/ligand_anchored_benchmark/scripts/model_definitions.py	torch	6
analysis/ligand_anchored_benchmark/scripts/model_definitions.py	torch.nn	7
analysis/ligand_anchored_benchmark/scripts/package_return.py	tarfile	2
analysis/ligand_anchored_benchmark/scripts/package_return.py	common	3
analysis/ligand_anchored_benchmark/scripts/queue_jobs.py	json	2
analysis/ligand_anchored_benchmark/scripts/queue_jobs.py	sqlite3	3
analysis/ligand_anchored_benchmark/scripts/queue_jobs.py	time	4
analysis/ligand_anchored_benchmark/scripts/queue_jobs.py	common	5
analysis/ligand_anchored_benchmark/scripts/status.py	json	2
analysis/ligand_anchored_benchmark/scripts/status.py	time	3
analysis/ligand_anchored_benchmark/scripts/status.py	collections	4
analysis/ligand_anchored_benchmark/scripts/status.py	common	5
analysis/ligand_anchored_benchmark/scripts/status.py	queue_jobs	6
analysis/ligand_anchored_benchmark/scripts/test_contract.py	ast	2
analysis/ligand_anchored_benchmark/scripts/test_contract.py	subprocess	3
analysis/ligand_anchored_benchmark/scripts/test_contract.py	numpy	4
analysis/ligand_anchored_benchmark/scripts/test_contract.py	pandas	5
analysis/ligand_anchored_benchmark/scripts/test_contract.py	common	6
analysis/ligand_anchored_benchmark/scripts/test_contract.py	metrics	7
analysis/ligand_anchored_benchmark/scripts/test_contract.py	aggregate	39
analysis/ligand_anchored_benchmark/scripts/test_pipeline.py	json	2
analysis/ligand_anchored_benchmark/scripts/test_pipeline.py	shutil	3
analysis/ligand_anchored_benchmark/scripts/test_pipeline.py	sys	4
analysis/ligand_anchored_benchmark/scripts/test_pipeline.py	tempfile	5
analysis/ligand_anchored_benchmark/scripts/test_pipeline.py	pathlib	6
analysis/ligand_anchored_benchmark/scripts/test_pipeline.py	concurrent.futures	7
analysis/ligand_anchored_benchmark/scripts/test_pipeline.py	pandas	8
analysis/ligand_anchored_benchmark/scripts/test_pipeline.py	common	9
analysis/ligand_anchored_benchmark/scripts/test_pipeline.py	validate_fits	20
analysis/ligand_anchored_benchmark/scripts/test_pipeline.py	aggregate	20
analysis/ligand_anchored_benchmark/scripts/test_pipeline.py	queue_jobs	20
analysis/ligand_anchored_benchmark/scripts/test_pipeline.py	package_return	54
analysis/ligand_anchored_benchmark/scripts/test_pipeline.py	transfer	54
analysis/ligand_anchored_benchmark/scripts/transfer.py	argparse	2
analysis/ligand_anchored_benchmark/scripts/transfer.py	tarfile	3
analysis/ligand_anchored_benchmark/scripts/transfer.py	pathlib	4
analysis/ligand_anchored_benchmark/scripts/transfer.py	common	5
analysis/ligand_anchored_benchmark/scripts/validate_fits.py	numpy	2
analysis/ligand_anchored_benchmark/scripts/validate_fits.py	pandas	3
analysis/ligand_anchored_benchmark/scripts/validate_fits.py	common	4
analysis/murcko_holdout_extension/scripts/aggregate.py	argparse	2
analysis/murcko_holdout_extension/scripts/aggregate.py	concurrent.futures	3
analysis/murcko_holdout_extension/scripts/aggregate.py	numpy	4
analysis/murcko_holdout_extension/scripts/aggregate.py	pandas	5
analysis/murcko_holdout_extension/scripts/aggregate.py	common	6
analysis/murcko_holdout_extension/scripts/aggregate.py	validate_fits	8
analysis/murcko_holdout_extension/scripts/base_trainer.py	__future__	4
analysis/murcko_holdout_extension/scripts/base_trainer.py	argparse	6
analysis/murcko_holdout_extension/scripts/base_trainer.py	json	7
analysis/murcko_holdout_extension/scripts/base_trainer.py	math	8
analysis/murcko_holdout_extension/scripts/base_trainer.py	os	9
analysis/murcko_holdout_extension/scripts/base_trainer.py	random	10
analysis/murcko_holdout_extension/scripts/base_trainer.py	pathlib	11
analysis/murcko_holdout_extension/scripts/base_trainer.py	numpy	13
analysis/murcko_holdout_extension/scripts/base_trainer.py	pandas	14
analysis/murcko_holdout_extension/scripts/base_trainer.py	torch	15
analysis/murcko_holdout_extension/scripts/base_trainer.py	torch.nn	16
analysis/murcko_holdout_extension/scripts/base_trainer.py	torch.nn.functional	17
analysis/murcko_holdout_extension/scripts/base_trainer.py	torch.utils.data	18
analysis/murcko_holdout_extension/scripts/build_contract.py	argparse	2
analysis/murcko_holdout_extension/scripts/build_contract.py	json	3
analysis/murcko_holdout_extension/scripts/build_contract.py	shutil	4
analysis/murcko_holdout_extension/scripts/build_contract.py	pathlib	5
analysis/murcko_holdout_extension/scripts/build_contract.py	numpy	6
analysis/murcko_holdout_extension/scripts/build_contract.py	pandas	7
analysis/murcko_holdout_extension/scripts/build_contract.py	common	8
analysis/murcko_holdout_extension/scripts/build_contract.py	rdkit	36
analysis/murcko_holdout_extension/scripts/build_contract.py	rdkit.Chem.Scaffolds	37
analysis/murcko_holdout_extension/scripts/check_contract.py	json	2
analysis/murcko_holdout_extension/scripts/check_contract.py	ast	3
analysis/murcko_holdout_extension/scripts/check_contract.py	pathlib	4
analysis/murcko_holdout_extension/scripts/check_contract.py	numpy	5
analysis/murcko_holdout_extension/scripts/check_contract.py	pandas	6
analysis/murcko_holdout_extension/scripts/check_contract.py	common	7
analysis/murcko_holdout_extension/scripts/check_contract.py	common	8
analysis/murcko_holdout_extension/scripts/check_contract.py	aggregate	42
analysis/murcko_holdout_extension/scripts/common.py	hashlib	2
analysis/murcko_holdout_extension/scripts/common.py	json	3
analysis/murcko_holdout_extension/scripts/common.py	os	4
analysis/murcko_holdout_extension/scripts/common.py	pathlib	5
analysis/murcko_holdout_extension/scripts/common.py	numpy	7
analysis/murcko_holdout_extension/scripts/common.py	pandas	8
analysis/murcko_holdout_extension/scripts/extract_return.py	sys	2
analysis/murcko_holdout_extension/scripts/extract_return.py	tarfile	3
analysis/murcko_holdout_extension/scripts/extract_return.py	pathlib	4
analysis/murcko_holdout_extension/scripts/extract_return.py	common	5
analysis/murcko_holdout_extension/scripts/gpu_preflight.py	argparse	2
analysis/murcko_holdout_extension/scripts/gpu_preflight.py	json	3
analysis/murcko_holdout_extension/scripts/gpu_preflight.py	os	4
analysis/murcko_holdout_extension/scripts/gpu_preflight.py	pathlib	5
analysis/murcko_holdout_extension/scripts/gpu_preflight.py	numpy	6
analysis/murcko_holdout_extension/scripts/gpu_preflight.py	pandas	7
analysis/murcko_holdout_extension/scripts/gpu_preflight.py	common	8
analysis/murcko_holdout_extension/scripts/gpu_preflight.py	torch	48
analysis/murcko_holdout_extension/scripts/gpu_preflight.py	trainer_core	49
analysis/murcko_holdout_extension/scripts/gpu_preflight.py	base_trainer	50
analysis/murcko_holdout_extension/scripts/model_definitions.py	__future__	4
analysis/murcko_holdout_extension/scripts/model_definitions.py	torch	6
analysis/murcko_holdout_extension/scripts/model_definitions.py	torch.nn	7
analysis/murcko_holdout_extension/scripts/status.py	json	2
analysis/murcko_holdout_extension/scripts/status.py	collections	3
analysis/murcko_holdout_extension/scripts/status.py	common	4
analysis/murcko_holdout_extension/scripts/train_gpu.py	argparse	2
analysis/murcko_holdout_extension/scripts/train_gpu.py	json	3
analysis/murcko_holdout_extension/scripts/train_gpu.py	os	4
analysis/murcko_holdout_extension/scripts/train_gpu.py	types	5
analysis/murcko_holdout_extension/scripts/train_gpu.py	pathlib	6
analysis/murcko_holdout_extension/scripts/train_gpu.py	torch	7
analysis/murcko_holdout_extension/scripts/train_gpu.py	trainer_core	8
analysis/murcko_holdout_extension/scripts/train_gpu.py	base_trainer	9
analysis/murcko_holdout_extension/scripts/train_gpu.py	common	10
analysis/murcko_holdout_extension/scripts/train_gpu.py	gpu_preflight	11
analysis/murcko_holdout_extension/scripts/trainer_core.py	__future__	6
analysis/murcko_holdout_extension/scripts/trainer_core.py	argparse	8
analysis/murcko_holdout_extension/scripts/trainer_core.py	hashlib	9
analysis/murcko_holdout_extension/scripts/trainer_core.py	importlib.util	10
analysis/murcko_holdout_extension/scripts/trainer_core.py	json	11
analysis/murcko_holdout_extension/scripts/trainer_core.py	math	12
analysis/murcko_holdout_extension/scripts/trainer_core.py	os	13
analysis/murcko_holdout_extension/scripts/trainer_core.py	random	14
analysis/murcko_holdout_extension/scripts/trainer_core.py	sys	15
analysis/murcko_holdout_extension/scripts/trainer_core.py	time	16
analysis/murcko_holdout_extension/scripts/trainer_core.py	pathlib	17
analysis/murcko_holdout_extension/scripts/trainer_core.py	numpy	19
analysis/murcko_holdout_extension/scripts/trainer_core.py	pandas	20
analysis/murcko_holdout_extension/scripts/trainer_core.py	torch	21
analysis/murcko_holdout_extension/scripts/trainer_core.py	torch.nn.functional	22
analysis/murcko_holdout_extension/scripts/trainer_core.py	torch.utils.data	23
analysis/murcko_holdout_extension/scripts/trainer_core.py	model_definitions	26
analysis/murcko_holdout_extension/scripts/trainer_core.py	common	331
analysis/murcko_holdout_extension/scripts/validate_fits.py	json	2
analysis/murcko_holdout_extension/scripts/validate_fits.py	numpy	3
analysis/murcko_holdout_extension/scripts/validate_fits.py	pandas	4
analysis/murcko_holdout_extension/scripts/validate_fits.py	common	5
analysis/full_sequence_representation_pilot/scripts/aggregate_pilot.py	__future__	4
analysis/full_sequence_representation_pilot/scripts/aggregate_pilot.py	argparse	6
analysis/full_sequence_representation_pilot/scripts/aggregate_pilot.py	hashlib	7
analysis/full_sequence_representation_pilot/scripts/aggregate_pilot.py	json	8
analysis/full_sequence_representation_pilot/scripts/aggregate_pilot.py	os	9
analysis/full_sequence_representation_pilot/scripts/aggregate_pilot.py	concurrent.futures	10
analysis/full_sequence_representation_pilot/scripts/aggregate_pilot.py	pathlib	11
analysis/full_sequence_representation_pilot/scripts/aggregate_pilot.py	numpy	13
analysis/full_sequence_representation_pilot/scripts/aggregate_pilot.py	pandas	14
analysis/full_sequence_representation_pilot/scripts/build_cpu_contract.py	__future__	4
analysis/full_sequence_representation_pilot/scripts/build_cpu_contract.py	argparse	6
analysis/full_sequence_representation_pilot/scripts/build_cpu_contract.py	hashlib	7
analysis/full_sequence_representation_pilot/scripts/build_cpu_contract.py	json	8
analysis/full_sequence_representation_pilot/scripts/build_cpu_contract.py	os	9
analysis/full_sequence_representation_pilot/scripts/build_cpu_contract.py	pathlib	10
analysis/full_sequence_representation_pilot/scripts/build_cpu_contract.py	pandas	12
analysis/full_sequence_representation_pilot/scripts/gpu_preflight.py	__future__	4
analysis/full_sequence_representation_pilot/scripts/gpu_preflight.py	argparse	6
analysis/full_sequence_representation_pilot/scripts/gpu_preflight.py	hashlib	7
analysis/full_sequence_representation_pilot/scripts/gpu_preflight.py	importlib.util	8
analysis/full_sequence_representation_pilot/scripts/gpu_preflight.py	json	9
analysis/full_sequence_representation_pilot/scripts/gpu_preflight.py	sys	10
analysis/full_sequence_representation_pilot/scripts/gpu_preflight.py	pathlib	11
analysis/full_sequence_representation_pilot/scripts/gpu_preflight.py	pandas	13
analysis/full_sequence_representation_pilot/scripts/gpu_preflight.py	torch	14
analysis/full_sequence_representation_pilot/scripts/stitch_full_sequence_embeddings.py	__future__	4
analysis/full_sequence_representation_pilot/scripts/stitch_full_sequence_embeddings.py	argparse	6
analysis/full_sequence_representation_pilot/scripts/stitch_full_sequence_embeddings.py	hashlib	7
analysis/full_sequence_representation_pilot/scripts/stitch_full_sequence_embeddings.py	json	8
analysis/full_sequence_representation_pilot/scripts/stitch_full_sequence_embeddings.py	os	9
analysis/full_sequence_representation_pilot/scripts/stitch_full_sequence_embeddings.py	pathlib	10
analysis/full_sequence_representation_pilot/scripts/stitch_full_sequence_embeddings.py	pandas	12
analysis/full_sequence_representation_pilot/scripts/stitch_full_sequence_embeddings.py	torch	13
analysis/full_sequence_representation_pilot/scripts/train_full_sequence.py	__future__	4
analysis/full_sequence_representation_pilot/scripts/train_full_sequence.py	argparse	6
analysis/full_sequence_representation_pilot/scripts/train_full_sequence.py	hashlib	7
analysis/full_sequence_representation_pilot/scripts/train_full_sequence.py	importlib.util	8
analysis/full_sequence_representation_pilot/scripts/train_full_sequence.py	json	9
analysis/full_sequence_representation_pilot/scripts/train_full_sequence.py	math	10
analysis/full_sequence_representation_pilot/scripts/train_full_sequence.py	os	11
analysis/full_sequence_representation_pilot/scripts/train_full_sequence.py	random	12
analysis/full_sequence_representation_pilot/scripts/train_full_sequence.py	sys	13
analysis/full_sequence_representation_pilot/scripts/train_full_sequence.py	pathlib	14
analysis/full_sequence_representation_pilot/scripts/train_full_sequence.py	numpy	16
analysis/full_sequence_representation_pilot/scripts/train_full_sequence.py	pandas	17
analysis/full_sequence_representation_pilot/scripts/train_full_sequence.py	torch	18
analysis/full_sequence_representation_pilot/scripts/train_full_sequence.py	torch.nn.functional	19
analysis/full_sequence_representation_pilot/scripts/train_full_sequence.py	torch.utils.data	20
analysis/double_anchored_pooled_bootstrap/bootstrap_pooled.py	os	3
analysis/double_anchored_pooled_bootstrap/bootstrap_pooled.py	argparse	9
analysis/double_anchored_pooled_bootstrap/bootstrap_pooled.py	hashlib	10
analysis/double_anchored_pooled_bootstrap/bootstrap_pooled.py	json	11
analysis/double_anchored_pooled_bootstrap/bootstrap_pooled.py	pathlib	12
analysis/double_anchored_pooled_bootstrap/bootstrap_pooled.py	concurrent.futures	13
analysis/double_anchored_pooled_bootstrap/bootstrap_pooled.py	numpy	14
analysis/double_anchored_pooled_bootstrap/bootstrap_pooled.py	pandas	15
analysis/chembl_external_prioritization/scripts/aggregate_chembl_results.py	__future__	4
analysis/chembl_external_prioritization/scripts/aggregate_chembl_results.py	argparse	6
analysis/chembl_external_prioritization/scripts/aggregate_chembl_results.py	json	7
analysis/chembl_external_prioritization/scripts/aggregate_chembl_results.py	os	8
analysis/chembl_external_prioritization/scripts/aggregate_chembl_results.py	pathlib	9
analysis/chembl_external_prioritization/scripts/aggregate_chembl_results.py	numpy	11
analysis/chembl_external_prioritization/scripts/aggregate_chembl_results.py	pandas	12
analysis/chembl_external_prioritization/scripts/aggregate_chembl_results.py	sklearn.metrics	13
analysis/chembl_external_prioritization/scripts/audit_fp16_saturation.py	csv	3
analysis/chembl_external_prioritization/scripts/audit_fp16_saturation.py	gzip	3
analysis/chembl_external_prioritization/scripts/audit_fp16_saturation.py	statistics	3
analysis/chembl_external_prioritization/scripts/audit_fp16_saturation.py	collections	4
analysis/chembl_external_prioritization/scripts/audit_fp16_saturation.py	numpy	5
analysis/chembl_external_prioritization/scripts/audit_fp16_saturation.py	bisect	20
analysis/chembl_external_prioritization/scripts/build_cpu_contract.py	__future__	4
analysis/chembl_external_prioritization/scripts/build_cpu_contract.py	argparse	6
analysis/chembl_external_prioritization/scripts/build_cpu_contract.py	json	7
analysis/chembl_external_prioritization/scripts/build_cpu_contract.py	os	8
analysis/chembl_external_prioritization/scripts/build_cpu_contract.py	pathlib	9
analysis/chembl_external_prioritization/scripts/build_cpu_contract.py	pandas	11
analysis/chembl_external_prioritization/scripts/infer_chembl.py	__future__	4
analysis/chembl_external_prioritization/scripts/infer_chembl.py	argparse	6
analysis/chembl_external_prioritization/scripts/infer_chembl.py	importlib.util	7
analysis/chembl_external_prioritization/scripts/infer_chembl.py	json	8
analysis/chembl_external_prioritization/scripts/infer_chembl.py	os	9
analysis/chembl_external_prioritization/scripts/infer_chembl.py	pathlib	10
analysis/chembl_external_prioritization/scripts/infer_chembl.py	numpy	12
analysis/chembl_external_prioritization/scripts/infer_chembl.py	pandas	13
analysis/chembl_external_prioritization/scripts/infer_chembl.py	torch	14
analysis/chembl_external_prioritization/scripts/prepare_reference_gpu.py	__future__	4
analysis/chembl_external_prioritization/scripts/prepare_reference_gpu.py	argparse	6
analysis/chembl_external_prioritization/scripts/prepare_reference_gpu.py	importlib.util	7
analysis/chembl_external_prioritization/scripts/prepare_reference_gpu.py	json	8
analysis/chembl_external_prioritization/scripts/prepare_reference_gpu.py	os	9
analysis/chembl_external_prioritization/scripts/prepare_reference_gpu.py	pickle	10
analysis/chembl_external_prioritization/scripts/prepare_reference_gpu.py	pathlib	11
analysis/chembl_external_prioritization/scripts/prepare_reference_gpu.py	pandas	13
analysis/chembl_external_prioritization/scripts/prepare_reference_gpu.py	torch	14
analysis/chembl_external_prioritization/scripts/train_deploy_models.py	__future__	4
analysis/chembl_external_prioritization/scripts/train_deploy_models.py	argparse	6
analysis/chembl_external_prioritization/scripts/train_deploy_models.py	importlib.util	7
analysis/chembl_external_prioritization/scripts/train_deploy_models.py	json	8
analysis/chembl_external_prioritization/scripts/train_deploy_models.py	os	9
analysis/chembl_external_prioritization/scripts/train_deploy_models.py	pathlib	10
analysis/chembl_external_prioritization/scripts/train_deploy_models.py	numpy	12
analysis/chembl_external_prioritization/scripts/train_deploy_models.py	pandas	13
analysis/chembl_external_prioritization/scripts/train_deploy_models.py	torch	14
analysis/chembl_external_prioritization/scripts/train_deploy_models.py	torch.nn.functional	15
analysis/chembl_external_prioritization/scripts/train_deploy_models.py	torch.utils.data	16
analysis/chembl_external_prioritization/scripts/validate_cpu_bundle.py	argparse	4
analysis/chembl_external_prioritization/scripts/validate_cpu_bundle.py	json	5
analysis/chembl_external_prioritization/scripts/validate_cpu_bundle.py	pathlib	6
analysis/chembl_external_prioritization/scripts/validate_cpu_bundle.py	pandas	8
analysis/chembl_external_prioritization/scripts/write_manifest.py	argparse	4
analysis/chembl_external_prioritization/scripts/write_manifest.py	hashlib	5
analysis/chembl_external_prioritization/scripts/write_manifest.py	pathlib	6
analysis/property_balanced_chembl/scripts/aggregate_results.py	__future__	4
analysis/property_balanced_chembl/scripts/aggregate_results.py	argparse	6
analysis/property_balanced_chembl/scripts/aggregate_results.py	json	7
analysis/property_balanced_chembl/scripts/aggregate_results.py	os	8
analysis/property_balanced_chembl/scripts/aggregate_results.py	pathlib	9
analysis/property_balanced_chembl/scripts/aggregate_results.py	numpy	11
analysis/property_balanced_chembl/scripts/aggregate_results.py	pandas	12
analysis/property_balanced_chembl/scripts/analyze_random_extension.py	argparse	4
analysis/property_balanced_chembl/scripts/analyze_random_extension.py	importlib.util	5
analysis/property_balanced_chembl/scripts/analyze_random_extension.py	json	6
analysis/property_balanced_chembl/scripts/analyze_random_extension.py	pathlib	7
analysis/property_balanced_chembl/scripts/analyze_random_extension.py	numpy	9
analysis/property_balanced_chembl/scripts/analyze_random_extension.py	pandas	10
analysis/property_balanced_chembl/scripts/build_chembl_pocket_indices.py	__future__	11
analysis/property_balanced_chembl/scripts/build_chembl_pocket_indices.py	argparse	13
analysis/property_balanced_chembl/scripts/build_chembl_pocket_indices.py	hashlib	14
analysis/property_balanced_chembl/scripts/build_chembl_pocket_indices.py	importlib.util	15
analysis/property_balanced_chembl/scripts/build_chembl_pocket_indices.py	json	16
analysis/property_balanced_chembl/scripts/build_chembl_pocket_indices.py	os	17
analysis/property_balanced_chembl/scripts/build_chembl_pocket_indices.py	pathlib	18
analysis/property_balanced_chembl/scripts/build_chembl_pocket_indices.py	pandas	20
analysis/property_balanced_chembl/scripts/build_pfam_novelty_cache.py	__future__	10
analysis/property_balanced_chembl/scripts/build_pfam_novelty_cache.py	argparse	12
analysis/property_balanced_chembl/scripts/build_pfam_novelty_cache.py	hashlib	13
analysis/property_balanced_chembl/scripts/build_pfam_novelty_cache.py	json	14
analysis/property_balanced_chembl/scripts/build_pfam_novelty_cache.py	os	15
analysis/property_balanced_chembl/scripts/build_pfam_novelty_cache.py	re	16
analysis/property_balanced_chembl/scripts/build_pfam_novelty_cache.py	time	17
analysis/property_balanced_chembl/scripts/build_pfam_novelty_cache.py	datetime	18
analysis/property_balanced_chembl/scripts/build_pfam_novelty_cache.py	pathlib	19
analysis/property_balanced_chembl/scripts/build_pfam_novelty_cache.py	pandas	21
analysis/property_balanced_chembl/scripts/build_pfam_novelty_cache.py	requests	22
analysis/property_balanced_chembl/scripts/freeze_c3_deploy_epoch.py	__future__	4
analysis/property_balanced_chembl/scripts/freeze_c3_deploy_epoch.py	argparse	6
analysis/property_balanced_chembl/scripts/freeze_c3_deploy_epoch.py	hashlib	7
analysis/property_balanced_chembl/scripts/freeze_c3_deploy_epoch.py	json	8
analysis/property_balanced_chembl/scripts/freeze_c3_deploy_epoch.py	os	9
analysis/property_balanced_chembl/scripts/freeze_c3_deploy_epoch.py	statistics	10
analysis/property_balanced_chembl/scripts/freeze_c3_deploy_epoch.py	pathlib	11
analysis/property_balanced_chembl/scripts/infer_chembl.py	__future__	4
analysis/property_balanced_chembl/scripts/infer_chembl.py	argparse	6
analysis/property_balanced_chembl/scripts/infer_chembl.py	hashlib	7
analysis/property_balanced_chembl/scripts/infer_chembl.py	importlib.util	8
analysis/property_balanced_chembl/scripts/infer_chembl.py	json	9
analysis/property_balanced_chembl/scripts/infer_chembl.py	os	10
analysis/property_balanced_chembl/scripts/infer_chembl.py	pathlib	11
analysis/property_balanced_chembl/scripts/infer_chembl.py	numpy	13
analysis/property_balanced_chembl/scripts/infer_chembl.py	pandas	14
analysis/property_balanced_chembl/scripts/infer_chembl.py	torch	15
analysis/property_balanced_chembl/scripts/score_random_extension.py	argparse	4
analysis/property_balanced_chembl/scripts/score_random_extension.py	importlib.util	5
analysis/property_balanced_chembl/scripts/score_random_extension.py	json	6
analysis/property_balanced_chembl/scripts/score_random_extension.py	pathlib	7
analysis/property_balanced_chembl/scripts/score_random_extension.py	pandas	9
analysis/property_balanced_chembl/scripts/score_random_extension.py	torch	10
analysis/property_balanced_chembl/scripts/score_random_extension.py	torch.utils.data	11
analysis/property_balanced_chembl/scripts/test_c3_subset_logic.py	__future__	4
analysis/property_balanced_chembl/scripts/test_c3_subset_logic.py	importlib.util	6
analysis/property_balanced_chembl/scripts/test_c3_subset_logic.py	argparse	7
analysis/property_balanced_chembl/scripts/test_c3_subset_logic.py	ast	8
analysis/property_balanced_chembl/scripts/test_c3_subset_logic.py	tempfile	9
analysis/property_balanced_chembl/scripts/test_c3_subset_logic.py	pathlib	10
analysis/property_balanced_chembl/scripts/test_c3_subset_logic.py	numpy	12
analysis/property_balanced_chembl/scripts/test_c3_subset_logic.py	pandas	13
analysis/property_balanced_chembl/scripts/test_c3_subset_logic.py	torch	48
analysis/property_balanced_chembl/scripts/train_property_deploy.py	__future__	4
analysis/property_balanced_chembl/scripts/train_property_deploy.py	argparse	6
analysis/property_balanced_chembl/scripts/train_property_deploy.py	hashlib	7
analysis/property_balanced_chembl/scripts/train_property_deploy.py	importlib.util	8
analysis/property_balanced_chembl/scripts/train_property_deploy.py	json	9
analysis/property_balanced_chembl/scripts/train_property_deploy.py	os	10
analysis/property_balanced_chembl/scripts/train_property_deploy.py	pathlib	11
analysis/property_balanced_chembl/scripts/train_property_deploy.py	numpy	13
analysis/property_balanced_chembl/scripts/train_property_deploy.py	pandas	14
analysis/property_balanced_chembl/scripts/train_property_deploy.py	torch	15
analysis/property_balanced_chembl/scripts/train_property_deploy.py	torch.nn.functional	16
analysis/property_balanced_chembl/scripts/train_property_deploy.py	torch.utils.data	17
analysis/property_balanced_chembl/scripts/train_random_extension.py	argparse	4
analysis/property_balanced_chembl/scripts/train_random_extension.py	hashlib	5
analysis/property_balanced_chembl/scripts/train_random_extension.py	importlib.util	6
analysis/property_balanced_chembl/scripts/train_random_extension.py	json	7
analysis/property_balanced_chembl/scripts/train_random_extension.py	pathlib	8
analysis/property_balanced_chembl/scripts/train_random_extension.py	pandas	10
analysis/property_balanced_chembl/scripts/train_random_extension.py	torch	11
analysis/property_balanced_chembl/scripts/validate_chembl_c3_readiness.py	__future__	4
analysis/property_balanced_chembl/scripts/validate_chembl_c3_readiness.py	argparse	6
analysis/property_balanced_chembl/scripts/validate_chembl_c3_readiness.py	hashlib	7
analysis/property_balanced_chembl/scripts/validate_chembl_c3_readiness.py	json	8
analysis/property_balanced_chembl/scripts/validate_chembl_c3_readiness.py	os	9
analysis/property_balanced_chembl/scripts/validate_chembl_c3_readiness.py	re	10
analysis/property_balanced_chembl/scripts/validate_chembl_c3_readiness.py	statistics	11
analysis/property_balanced_chembl/scripts/validate_chembl_c3_readiness.py	pathlib	12
analysis/property_balanced_chembl/scripts/validate_chembl_c3_readiness.py	pandas	14
analysis/property_balanced_chembl/scripts/validate_chembl_target_chain_embeddings.py	__future__	4
analysis/property_balanced_chembl/scripts/validate_chembl_target_chain_embeddings.py	argparse	6
analysis/property_balanced_chembl/scripts/validate_chembl_target_chain_embeddings.py	json	7
analysis/property_balanced_chembl/scripts/validate_chembl_target_chain_embeddings.py	os	8
analysis/property_balanced_chembl/scripts/validate_chembl_target_chain_embeddings.py	pathlib	9
analysis/property_balanced_chembl/scripts/validate_chembl_target_chain_embeddings.py	pandas	11
analysis/property_balanced_chembl/scripts/validate_chembl_target_chain_embeddings.py	torch	12
analysis/property_balanced_chembl/scripts/validate_family_novelty.py	__future__	4
analysis/property_balanced_chembl/scripts/validate_family_novelty.py	argparse	6
analysis/property_balanced_chembl/scripts/validate_family_novelty.py	hashlib	7
analysis/property_balanced_chembl/scripts/validate_family_novelty.py	json	8
analysis/property_balanced_chembl/scripts/validate_family_novelty.py	os	9
analysis/property_balanced_chembl/scripts/validate_family_novelty.py	re	10
analysis/property_balanced_chembl/scripts/validate_family_novelty.py	pathlib	11
analysis/property_balanced_chembl/scripts/validate_family_novelty.py	pandas	13
analysis/property_balanced_chembl/scripts/validate_random_extension.py	argparse	4
analysis/property_balanced_chembl/scripts/validate_random_extension.py	json	5
analysis/property_balanced_chembl/scripts/validate_random_extension.py	pathlib	6
analysis/chembl_c3_appendon/scripts/aggregate_c3_appendon.py	__future__	4
analysis/chembl_c3_appendon/scripts/aggregate_c3_appendon.py	argparse	6
analysis/chembl_c3_appendon/scripts/aggregate_c3_appendon.py	hashlib	7
analysis/chembl_c3_appendon/scripts/aggregate_c3_appendon.py	json	8
analysis/chembl_c3_appendon/scripts/aggregate_c3_appendon.py	os	9
analysis/chembl_c3_appendon/scripts/aggregate_c3_appendon.py	re	10
analysis/chembl_c3_appendon/scripts/aggregate_c3_appendon.py	pathlib	11
analysis/chembl_c3_appendon/scripts/aggregate_c3_appendon.py	numpy	13
analysis/chembl_c3_appendon/scripts/aggregate_c3_appendon.py	pandas	14
analysis/chembl_c3_appendon/scripts/build_cpu_contract.py	__future__	4
analysis/chembl_c3_appendon/scripts/build_cpu_contract.py	argparse	6
analysis/chembl_c3_appendon/scripts/build_cpu_contract.py	hashlib	7
analysis/chembl_c3_appendon/scripts/build_cpu_contract.py	json	8
analysis/chembl_c3_appendon/scripts/build_cpu_contract.py	os	9
analysis/chembl_c3_appendon/scripts/build_cpu_contract.py	pathlib	10
analysis/chembl_c3_appendon/scripts/infer_c3_appendon.py	__future__	4
analysis/chembl_c3_appendon/scripts/infer_c3_appendon.py	argparse	6
analysis/chembl_c3_appendon/scripts/infer_c3_appendon.py	hashlib	7
analysis/chembl_c3_appendon/scripts/infer_c3_appendon.py	importlib.util	8
analysis/chembl_c3_appendon/scripts/infer_c3_appendon.py	json	9
analysis/chembl_c3_appendon/scripts/infer_c3_appendon.py	math	10
analysis/chembl_c3_appendon/scripts/infer_c3_appendon.py	os	11
analysis/chembl_c3_appendon/scripts/infer_c3_appendon.py	sys	12
analysis/chembl_c3_appendon/scripts/infer_c3_appendon.py	time	13
analysis/chembl_c3_appendon/scripts/infer_c3_appendon.py	pathlib	14
analysis/chembl_c3_appendon/scripts/infer_c3_appendon.py	numpy	16
analysis/chembl_c3_appendon/scripts/infer_c3_appendon.py	pandas	17
analysis/chembl_c3_appendon/scripts/infer_c3_appendon.py	torch	18
analysis/chembl_c3_appendon/scripts/validate_cpu_contract.py	__future__	4
analysis/chembl_c3_appendon/scripts/validate_cpu_contract.py	argparse	6
analysis/chembl_c3_appendon/scripts/validate_cpu_contract.py	hashlib	7
analysis/chembl_c3_appendon/scripts/validate_cpu_contract.py	json	8
analysis/chembl_c3_appendon/scripts/validate_cpu_contract.py	os	9
analysis/chembl_c3_appendon/scripts/validate_cpu_contract.py	re	10
analysis/chembl_c3_appendon/scripts/validate_cpu_contract.py	pathlib	11
analysis/chembl_c3_appendon/scripts/validate_cpu_contract.py	pandas	13
analysis/ligand_anchored_chembl/scripts/aggregate.py	math	2
analysis/ligand_anchored_chembl/scripts/aggregate.py	shared	3
analysis/ligand_anchored_chembl/scripts/build_contract.py	shared	2
analysis/ligand_anchored_chembl/scripts/runtime.py	argparse	2
analysis/ligand_anchored_chembl/scripts/runtime.py	importlib.util	3
analysis/ligand_anchored_chembl/scripts/runtime.py	time	4
analysis/ligand_anchored_chembl/scripts/runtime.py	shared	5
analysis/ligand_anchored_chembl/scripts/runtime.py	torch	6
analysis/ligand_anchored_chembl/scripts/runtime.py	torch.utils.data	7
analysis/ligand_anchored_chembl/scripts/runtime.py	gpu_runtime	8
analysis/ligand_anchored_chembl/scripts/runtime.py	base_trainer	9
analysis/ligand_anchored_chembl/scripts/runtime.py	model_definitions	10
analysis/ligand_anchored_chembl/scripts/shared.py	pathlib	2
analysis/ligand_anchored_chembl/scripts/shared.py	hashlib	3
analysis/ligand_anchored_chembl/scripts/shared.py	json	4
analysis/ligand_anchored_chembl/scripts/shared.py	os	5
analysis/ligand_anchored_chembl/scripts/shared.py	sys	6
analysis/ligand_anchored_chembl/scripts/shared.py	numpy	7
analysis/ligand_anchored_chembl/scripts/shared.py	pandas	8
analysis/ligand_anchored_chembl/scripts/shared.py	common	15
analysis/ligand_anchored_chembl/scripts/shared.py	metrics	16
analysis/ligand_anchored_chembl/scripts/status.py	shared	2
analysis/ligand_anchored_chembl/scripts/test_pipeline.py	ast	2
analysis/ligand_anchored_chembl/scripts/test_pipeline.py	subprocess	3
analysis/ligand_anchored_chembl/scripts/test_pipeline.py	shared	4
analysis/ligand_anchored_chembl/scripts/test_pipeline.py	aggregate	5
analysis/ligand_anchored_chembl/scripts/test_pipeline.py	transfer	6
analysis/ligand_anchored_chembl/scripts/transfer.py	argparse	2
analysis/ligand_anchored_chembl/scripts/transfer.py	tarfile	3
analysis/ligand_anchored_chembl/scripts/transfer.py	pathlib	4
analysis/ligand_anchored_chembl/scripts/transfer.py	shared	5
analysis/chembl_four_cohort_completion/scripts/aggregate.py	argparse	2
analysis/chembl_four_cohort_completion/scripts/aggregate.py	multiprocessing	3
analysis/chembl_four_cohort_completion/scripts/aggregate.py	concurrent.futures	4
analysis/chembl_four_cohort_completion/scripts/aggregate.py	common	5
analysis/chembl_four_cohort_completion/scripts/aggregate.py	assemble	6
analysis/chembl_four_cohort_completion/scripts/aggregate.py	bootstrap	7
analysis/chembl_four_cohort_completion/scripts/assemble.py	common	2
analysis/chembl_four_cohort_completion/scripts/bootstrap.py	common	2
analysis/chembl_four_cohort_completion/scripts/build_contract.py	common	2
analysis/chembl_four_cohort_completion/scripts/check_paths.py	hashlib	2
analysis/chembl_four_cohort_completion/scripts/check_paths.py	json	3
analysis/chembl_four_cohort_completion/scripts/check_paths.py	pathlib	4
analysis/chembl_four_cohort_completion/scripts/common.py	hashlib	2
analysis/chembl_four_cohort_completion/scripts/common.py	json	3
analysis/chembl_four_cohort_completion/scripts/common.py	os	4
analysis/chembl_four_cohort_completion/scripts/common.py	pathlib	5
analysis/chembl_four_cohort_completion/scripts/common.py	numpy	6
analysis/chembl_four_cohort_completion/scripts/common.py	pandas	7
analysis/chembl_four_cohort_completion/scripts/runtime.py	argparse	2
analysis/chembl_four_cohort_completion/scripts/runtime.py	fcntl	3
analysis/chembl_four_cohort_completion/scripts/runtime.py	importlib.util	4
analysis/chembl_four_cohort_completion/scripts/runtime.py	time	5
analysis/chembl_four_cohort_completion/scripts/runtime.py	common	6
analysis/chembl_four_cohort_completion/scripts/runtime.py	torch	7
analysis/chembl_four_cohort_completion/scripts/status.py	collections	2
analysis/chembl_four_cohort_completion/scripts/status.py	common	3
analysis/chembl_four_cohort_completion/scripts/test_pipeline.py	ast	2
analysis/chembl_four_cohort_completion/scripts/test_pipeline.py	tempfile	3
analysis/chembl_four_cohort_completion/scripts/test_pipeline.py	unittest.mock	4
analysis/chembl_four_cohort_completion/scripts/test_pipeline.py	common	5
analysis/chembl_four_cohort_completion/scripts/test_pipeline.py	bootstrap	6
analysis/chembl_four_cohort_completion/scripts/test_pipeline.py	aggregate	7
analysis/chembl_four_cohort_completion/scripts/test_pipeline.py	assemble	8
analysis/chembl_four_cohort_completion/scripts/test_pipeline.py	common	9
analysis/chembl_four_cohort_completion/scripts/test_pipeline.py	aggregate	10
analysis/chembl_four_cohort_completion/scripts/transfer.py	argparse	2
analysis/chembl_four_cohort_completion/scripts/transfer.py	tarfile	3
analysis/chembl_four_cohort_completion/scripts/transfer.py	pathlib	4
analysis/chembl_four_cohort_completion/scripts/transfer.py	common	5
analysis/chembl_four_cohort_completion/scripts/transfer.py	assemble	33
analysis/ligand_chemistry_balancing/scripts/train_balanced_models.py	argparse	4
analysis/ligand_chemistry_balancing/scripts/train_balanced_models.py	importlib.util	5
analysis/ligand_chemistry_balancing/scripts/train_balanced_models.py	json	6
analysis/ligand_chemistry_balancing/scripts/train_balanced_models.py	pathlib	7
analysis/ligand_chemistry_balancing/scripts/train_balanced_models.py	pandas	9
analysis/ligand_chemistry_balancing/scripts/train_balanced_models.py	torch	10
analysis/chembl_competitive_docking_v2/scripts/analyze_results.py	__future__	4
analysis/chembl_competitive_docking_v2/scripts/analyze_results.py	argparse	6
analysis/chembl_competitive_docking_v2/scripts/analyze_results.py	json	7
analysis/chembl_competitive_docking_v2/scripts/analyze_results.py	math	8
analysis/chembl_competitive_docking_v2/scripts/analyze_results.py	re	9
analysis/chembl_competitive_docking_v2/scripts/analyze_results.py	pathlib	10
analysis/chembl_competitive_docking_v2/scripts/analyze_results.py	typing	11
analysis/chembl_competitive_docking_v2/scripts/analyze_results.py	numpy	13
analysis/chembl_competitive_docking_v2/scripts/analyze_results.py	pandas	14
analysis/chembl_competitive_docking_v2/scripts/analyze_results.py	scipy.spatial	15
analysis/chembl_competitive_docking_v2/scripts/build_jobs.py	__future__	4
analysis/chembl_competitive_docking_v2/scripts/build_jobs.py	argparse	6
analysis/chembl_competitive_docking_v2/scripts/build_jobs.py	hashlib	7
analysis/chembl_competitive_docking_v2/scripts/build_jobs.py	json	8
analysis/chembl_competitive_docking_v2/scripts/build_jobs.py	pathlib	9
analysis/chembl_competitive_docking_v2/scripts/build_jobs.py	typing	10
analysis/chembl_competitive_docking_v2/scripts/build_jobs.py	pandas	12
analysis/chembl_competitive_docking_v2/scripts/prepare_inputs.py	__future__	15
analysis/chembl_competitive_docking_v2/scripts/prepare_inputs.py	argparse	17
analysis/chembl_competitive_docking_v2/scripts/prepare_inputs.py	hashlib	18
analysis/chembl_competitive_docking_v2/scripts/prepare_inputs.py	importlib.util	19
analysis/chembl_competitive_docking_v2/scripts/prepare_inputs.py	json	20
analysis/chembl_competitive_docking_v2/scripts/prepare_inputs.py	math	21
analysis/chembl_competitive_docking_v2/scripts/prepare_inputs.py	re	22
analysis/chembl_competitive_docking_v2/scripts/prepare_inputs.py	shutil	23
analysis/chembl_competitive_docking_v2/scripts/prepare_inputs.py	subprocess	24
analysis/chembl_competitive_docking_v2/scripts/prepare_inputs.py	urllib.request	25
analysis/chembl_competitive_docking_v2/scripts/prepare_inputs.py	dataclasses	26
analysis/chembl_competitive_docking_v2/scripts/prepare_inputs.py	pathlib	27
analysis/chembl_competitive_docking_v2/scripts/prepare_inputs.py	typing	28
analysis/chembl_competitive_docking_v2/scripts/prepare_inputs.py	gemmi	30
analysis/chembl_competitive_docking_v2/scripts/prepare_inputs.py	numpy	31
analysis/chembl_competitive_docking_v2/scripts/prepare_inputs.py	pandas	32
analysis/chembl_competitive_docking_v2/scripts/prepare_inputs.py	meeko	33
analysis/chembl_competitive_docking_v2/scripts/prepare_inputs.py	rdkit	34
analysis/chembl_competitive_docking_v2/scripts/prepare_inputs.py	rdkit.Chem	35
analysis/chembl_competitive_docking_v2/scripts/run_docking_parallel.py	__future__	4
analysis/chembl_competitive_docking_v2/scripts/run_docking_parallel.py	argparse	6
analysis/chembl_competitive_docking_v2/scripts/run_docking_parallel.py	concurrent.futures	7
analysis/chembl_competitive_docking_v2/scripts/run_docking_parallel.py	hashlib	8
analysis/chembl_competitive_docking_v2/scripts/run_docking_parallel.py	json	9
analysis/chembl_competitive_docking_v2/scripts/run_docking_parallel.py	subprocess	10
analysis/chembl_competitive_docking_v2/scripts/run_docking_parallel.py	time	11
analysis/chembl_competitive_docking_v2/scripts/run_docking_parallel.py	pathlib	12
analysis/chembl_competitive_docking_v2/scripts/run_docking_parallel.py	typing	13
analysis/chembl_competitive_docking_v2/scripts/run_docking_parallel.py	pandas	15
analysis/chembl_competitive_docking_v2/scripts/run_one_job.py	__future__	4
analysis/chembl_competitive_docking_v2/scripts/run_one_job.py	argparse	6
analysis/chembl_competitive_docking_v2/scripts/run_one_job.py	hashlib	7
analysis/chembl_competitive_docking_v2/scripts/run_one_job.py	json	8
analysis/chembl_competitive_docking_v2/scripts/run_one_job.py	os	9
analysis/chembl_competitive_docking_v2/scripts/run_one_job.py	subprocess	10
analysis/chembl_competitive_docking_v2/scripts/run_one_job.py	time	11
analysis/chembl_competitive_docking_v2/scripts/run_one_job.py	pathlib	12
analysis/chembl_competitive_docking_v2/scripts/run_one_job.py	pandas	14
analysis/chembl_competitive_docking_v2/scripts/status.py	__future__	4
analysis/chembl_competitive_docking_v2/scripts/status.py	argparse	6
analysis/chembl_competitive_docking_v2/scripts/status.py	json	7
analysis/chembl_competitive_docking_v2/scripts/status.py	math	8
analysis/chembl_competitive_docking_v2/scripts/status.py	collections	9
analysis/chembl_competitive_docking_v2/scripts/status.py	pathlib	10
analysis/chembl_competitive_docking_v2/scripts/status.py	typing	11
analysis/chembl_competitive_docking_v2/scripts/status.py	numpy	13
analysis/chembl_competitive_docking_v2/scripts/status.py	pandas	14
analysis/biolip_bayesian_ranking_revision/scripts/01_freeze_orthosteric_sources.py	__future__	4
analysis/biolip_bayesian_ranking_revision/scripts/01_freeze_orthosteric_sources.py	gzip	6
analysis/biolip_bayesian_ranking_revision/scripts/01_freeze_orthosteric_sources.py	hashlib	7
analysis/biolip_bayesian_ranking_revision/scripts/01_freeze_orthosteric_sources.py	json	8
analysis/biolip_bayesian_ranking_revision/scripts/01_freeze_orthosteric_sources.py	os	9
analysis/biolip_bayesian_ranking_revision/scripts/01_freeze_orthosteric_sources.py	re	10
analysis/biolip_bayesian_ranking_revision/scripts/01_freeze_orthosteric_sources.py	pathlib	11
analysis/biolip_bayesian_ranking_revision/scripts/01_freeze_orthosteric_sources.py	pandas	13
analysis/biolip_bayesian_ranking_revision/scripts/02_apply_biolip_manual_audit.py	__future__	10
analysis/biolip_bayesian_ranking_revision/scripts/02_apply_biolip_manual_audit.py	gzip	12
analysis/biolip_bayesian_ranking_revision/scripts/02_apply_biolip_manual_audit.py	hashlib	13
analysis/biolip_bayesian_ranking_revision/scripts/02_apply_biolip_manual_audit.py	json	14
analysis/biolip_bayesian_ranking_revision/scripts/02_apply_biolip_manual_audit.py	os	15
analysis/biolip_bayesian_ranking_revision/scripts/02_apply_biolip_manual_audit.py	pathlib	16
analysis/biolip_bayesian_ranking_revision/scripts/02_apply_biolip_manual_audit.py	pandas	18
analysis/biolip_bayesian_ranking_revision/scripts/03_inventory_existing_structure_assets.py	__future__	13
analysis/biolip_bayesian_ranking_revision/scripts/03_inventory_existing_structure_assets.py	gzip	15
analysis/biolip_bayesian_ranking_revision/scripts/03_inventory_existing_structure_assets.py	hashlib	16
analysis/biolip_bayesian_ranking_revision/scripts/03_inventory_existing_structure_assets.py	json	17
analysis/biolip_bayesian_ranking_revision/scripts/03_inventory_existing_structure_assets.py	os	18
analysis/biolip_bayesian_ranking_revision/scripts/03_inventory_existing_structure_assets.py	re	19
analysis/biolip_bayesian_ranking_revision/scripts/03_inventory_existing_structure_assets.py	pathlib	20
analysis/biolip_bayesian_ranking_revision/scripts/03_inventory_existing_structure_assets.py	typing	21
analysis/biolip_bayesian_ranking_revision/scripts/03_inventory_existing_structure_assets.py	duckdb	23
analysis/biolip_bayesian_ranking_revision/scripts/03_inventory_existing_structure_assets.py	pandas	24
analysis/biolip_bayesian_ranking_revision/scripts/04a_build_exact_observation_master.py	__future__	18
analysis/biolip_bayesian_ranking_revision/scripts/04a_build_exact_observation_master.py	argparse	20
analysis/biolip_bayesian_ranking_revision/scripts/04a_build_exact_observation_master.py	csv	21
analysis/biolip_bayesian_ranking_revision/scripts/04a_build_exact_observation_master.py	gzip	22
analysis/biolip_bayesian_ranking_revision/scripts/04a_build_exact_observation_master.py	hashlib	23
analysis/biolip_bayesian_ranking_revision/scripts/04a_build_exact_observation_master.py	io	24
analysis/biolip_bayesian_ranking_revision/scripts/04a_build_exact_observation_master.py	json	25
analysis/biolip_bayesian_ranking_revision/scripts/04a_build_exact_observation_master.py	math	26
analysis/biolip_bayesian_ranking_revision/scripts/04a_build_exact_observation_master.py	os	27
analysis/biolip_bayesian_ranking_revision/scripts/04a_build_exact_observation_master.py	pickle	28
analysis/biolip_bayesian_ranking_revision/scripts/04a_build_exact_observation_master.py	re	29
analysis/biolip_bayesian_ranking_revision/scripts/04a_build_exact_observation_master.py	sys	30
analysis/biolip_bayesian_ranking_revision/scripts/04a_build_exact_observation_master.py	time	31
analysis/biolip_bayesian_ranking_revision/scripts/04a_build_exact_observation_master.py	collections	32
analysis/biolip_bayesian_ranking_revision/scripts/04a_build_exact_observation_master.py	dataclasses	33
analysis/biolip_bayesian_ranking_revision/scripts/04a_build_exact_observation_master.py	pathlib	34
analysis/biolip_bayesian_ranking_revision/scripts/04a_build_exact_observation_master.py	typing	35
analysis/biolip_bayesian_ranking_revision/scripts/04a_build_exact_observation_master.py	pandas	37
analysis/biolip_bayesian_ranking_revision/scripts/04a_build_exact_observation_master.py	Bio	38
analysis/biolip_bayesian_ranking_revision/scripts/04b_validate_cached_author_mapping.py	__future__	10
analysis/biolip_bayesian_ranking_revision/scripts/04b_validate_cached_author_mapping.py	csv	12
analysis/biolip_bayesian_ranking_revision/scripts/04b_validate_cached_author_mapping.py	gzip	13
analysis/biolip_bayesian_ranking_revision/scripts/04b_validate_cached_author_mapping.py	hashlib	14
analysis/biolip_bayesian_ranking_revision/scripts/04b_validate_cached_author_mapping.py	io	15
analysis/biolip_bayesian_ranking_revision/scripts/04b_validate_cached_author_mapping.py	json	16
analysis/biolip_bayesian_ranking_revision/scripts/04b_validate_cached_author_mapping.py	os	17
analysis/biolip_bayesian_ranking_revision/scripts/04b_validate_cached_author_mapping.py	re	18
analysis/biolip_bayesian_ranking_revision/scripts/04b_validate_cached_author_mapping.py	collections	19
analysis/biolip_bayesian_ranking_revision/scripts/04b_validate_cached_author_mapping.py	pathlib	20
analysis/biolip_bayesian_ranking_revision/scripts/04b_validate_cached_author_mapping.py	typing	21
analysis/biolip_bayesian_ranking_revision/scripts/04b_validate_cached_author_mapping.py	duckdb	23
analysis/biolip_bayesian_ranking_revision/scripts/04b_validate_cached_author_mapping.py	gemmi	24
analysis/biolip_bayesian_ranking_revision/scripts/04b_validate_cached_author_mapping.py	pandas	25
analysis/biolip_bayesian_ranking_revision/scripts/04c_finalize_checkpoint4.py	__future__	4
analysis/biolip_bayesian_ranking_revision/scripts/04c_finalize_checkpoint4.py	hashlib	6
analysis/biolip_bayesian_ranking_revision/scripts/04c_finalize_checkpoint4.py	json	7
analysis/biolip_bayesian_ranking_revision/scripts/04c_finalize_checkpoint4.py	os	8
analysis/biolip_bayesian_ranking_revision/scripts/04c_finalize_checkpoint4.py	pathlib	9
analysis/biolip_bayesian_ranking_revision/scripts/04c_finalize_checkpoint4.py	duckdb	11
analysis/biolip_bayesian_ranking_revision/scripts/04c_finalize_checkpoint4.py	pandas	12
analysis/biolip_bayesian_ranking_revision/scripts/05_link_exact_site_references.py	__future__	23
analysis/biolip_bayesian_ranking_revision/scripts/05_link_exact_site_references.py	ast	25
analysis/biolip_bayesian_ranking_revision/scripts/05_link_exact_site_references.py	gzip	26
analysis/biolip_bayesian_ranking_revision/scripts/05_link_exact_site_references.py	hashlib	27
analysis/biolip_bayesian_ranking_revision/scripts/05_link_exact_site_references.py	json	28
analysis/biolip_bayesian_ranking_revision/scripts/05_link_exact_site_references.py	os	29
analysis/biolip_bayesian_ranking_revision/scripts/05_link_exact_site_references.py	re	30
analysis/biolip_bayesian_ranking_revision/scripts/05_link_exact_site_references.py	collections	31
analysis/biolip_bayesian_ranking_revision/scripts/05_link_exact_site_references.py	pathlib	32
analysis/biolip_bayesian_ranking_revision/scripts/05_link_exact_site_references.py	typing	33
analysis/biolip_bayesian_ranking_revision/scripts/05_link_exact_site_references.py	duckdb	35
analysis/biolip_bayesian_ranking_revision/scripts/05_link_exact_site_references.py	pandas	36
analysis/biolip_bayesian_ranking_revision/scripts/05_validate_exact_site_references.py	__future__	4
analysis/biolip_bayesian_ranking_revision/scripts/05_validate_exact_site_references.py	hashlib	6
analysis/biolip_bayesian_ranking_revision/scripts/05_validate_exact_site_references.py	json	7
analysis/biolip_bayesian_ranking_revision/scripts/05_validate_exact_site_references.py	os	8
analysis/biolip_bayesian_ranking_revision/scripts/05_validate_exact_site_references.py	pathlib	9
analysis/biolip_bayesian_ranking_revision/scripts/05_validate_exact_site_references.py	pandas	11
analysis/biolip_bayesian_ranking_revision/scripts/06_compare_and_freeze_distance.py	__future__	10
analysis/biolip_bayesian_ranking_revision/scripts/06_compare_and_freeze_distance.py	argparse	12
analysis/biolip_bayesian_ranking_revision/scripts/06_compare_and_freeze_distance.py	hashlib	13
analysis/biolip_bayesian_ranking_revision/scripts/06_compare_and_freeze_distance.py	json	14
analysis/biolip_bayesian_ranking_revision/scripts/06_compare_and_freeze_distance.py	os	15
analysis/biolip_bayesian_ranking_revision/scripts/06_compare_and_freeze_distance.py	pickle	16
analysis/biolip_bayesian_ranking_revision/scripts/06_compare_and_freeze_distance.py	re	17
analysis/biolip_bayesian_ranking_revision/scripts/06_compare_and_freeze_distance.py	time	18
analysis/biolip_bayesian_ranking_revision/scripts/06_compare_and_freeze_distance.py	collections	19
analysis/biolip_bayesian_ranking_revision/scripts/06_compare_and_freeze_distance.py	concurrent.futures	20
analysis/biolip_bayesian_ranking_revision/scripts/06_compare_and_freeze_distance.py	pathlib	21
analysis/biolip_bayesian_ranking_revision/scripts/06_compare_and_freeze_distance.py	typing	22
analysis/biolip_bayesian_ranking_revision/scripts/06_compare_and_freeze_distance.py	gemmi	24
analysis/biolip_bayesian_ranking_revision/scripts/06_compare_and_freeze_distance.py	numpy	25
analysis/biolip_bayesian_ranking_revision/scripts/06_compare_and_freeze_distance.py	pandas	26
analysis/biolip_bayesian_ranking_revision/scripts/06_compare_and_freeze_distance.py	Bio.Align	27
analysis/biolip_bayesian_ranking_revision/scripts/06_compare_and_freeze_distance.py	scipy.stats	28
analysis/biolip_bayesian_ranking_revision/scripts/06_compare_and_freeze_distance.py	sklearn.metrics	29
analysis/biolip_bayesian_ranking_revision/scripts/06_validate_distance_definition.py	__future__	4
analysis/biolip_bayesian_ranking_revision/scripts/06_validate_distance_definition.py	hashlib	6
analysis/biolip_bayesian_ranking_revision/scripts/06_validate_distance_definition.py	json	7
analysis/biolip_bayesian_ranking_revision/scripts/06_validate_distance_definition.py	math	8
analysis/biolip_bayesian_ranking_revision/scripts/06_validate_distance_definition.py	os	9
analysis/biolip_bayesian_ranking_revision/scripts/06_validate_distance_definition.py	pathlib	10
analysis/biolip_bayesian_ranking_revision/scripts/06_validate_distance_definition.py	numpy	12
analysis/biolip_bayesian_ranking_revision/scripts/06_validate_distance_definition.py	pandas	13
analysis/biolip_bayesian_ranking_revision/scripts/06_validate_distance_definition.py	sklearn.metrics	14
analysis/biolip_bayesian_ranking_revision/scripts/06a_fetch_missing_reference_coordinates.py	__future__	4
analysis/biolip_bayesian_ranking_revision/scripts/06a_fetch_missing_reference_coordinates.py	argparse	6
analysis/biolip_bayesian_ranking_revision/scripts/06a_fetch_missing_reference_coordinates.py	gzip	7
analysis/biolip_bayesian_ranking_revision/scripts/06a_fetch_missing_reference_coordinates.py	os	8
analysis/biolip_bayesian_ranking_revision/scripts/06a_fetch_missing_reference_coordinates.py	time	9
analysis/biolip_bayesian_ranking_revision/scripts/06a_fetch_missing_reference_coordinates.py	urllib.request	10
analysis/biolip_bayesian_ranking_revision/scripts/06a_fetch_missing_reference_coordinates.py	concurrent.futures	11
analysis/biolip_bayesian_ranking_revision/scripts/06a_fetch_missing_reference_coordinates.py	pathlib	12
analysis/biolip_bayesian_ranking_revision/scripts/06a_fetch_missing_reference_coordinates.py	gemmi	14
analysis/biolip_bayesian_ranking_revision/scripts/06a_fetch_missing_reference_coordinates.py	pandas	15
analysis/biolip_bayesian_ranking_revision/scripts/07_compare_ranking_features.py	__future__	8
analysis/biolip_bayesian_ranking_revision/scripts/07_compare_ranking_features.py	hashlib	10
analysis/biolip_bayesian_ranking_revision/scripts/07_compare_ranking_features.py	itertools	11
analysis/biolip_bayesian_ranking_revision/scripts/07_compare_ranking_features.py	json	12
analysis/biolip_bayesian_ranking_revision/scripts/07_compare_ranking_features.py	math	13
analysis/biolip_bayesian_ranking_revision/scripts/07_compare_ranking_features.py	os	14
analysis/biolip_bayesian_ranking_revision/scripts/07_compare_ranking_features.py	time	15
analysis/biolip_bayesian_ranking_revision/scripts/07_compare_ranking_features.py	pathlib	16
analysis/biolip_bayesian_ranking_revision/scripts/07_compare_ranking_features.py	typing	17
analysis/biolip_bayesian_ranking_revision/scripts/07_compare_ranking_features.py	numpy	19
analysis/biolip_bayesian_ranking_revision/scripts/07_compare_ranking_features.py	pandas	20
analysis/biolip_bayesian_ranking_revision/scripts/07_compare_ranking_features.py	scipy.stats	21
analysis/biolip_bayesian_ranking_revision/scripts/07_compare_ranking_features.py	sklearn.metrics	22
analysis/biolip_bayesian_ranking_revision/scripts/07_validate_feature_ablation.py	__future__	4
analysis/biolip_bayesian_ranking_revision/scripts/07_validate_feature_ablation.py	hashlib	6
analysis/biolip_bayesian_ranking_revision/scripts/07_validate_feature_ablation.py	itertools	7
analysis/biolip_bayesian_ranking_revision/scripts/07_validate_feature_ablation.py	json	8
analysis/biolip_bayesian_ranking_revision/scripts/07_validate_feature_ablation.py	math	9
analysis/biolip_bayesian_ranking_revision/scripts/07_validate_feature_ablation.py	os	10
analysis/biolip_bayesian_ranking_revision/scripts/07_validate_feature_ablation.py	pathlib	11
analysis/biolip_bayesian_ranking_revision/scripts/07_validate_feature_ablation.py	numpy	13
analysis/biolip_bayesian_ranking_revision/scripts/07_validate_feature_ablation.py	pandas	14
analysis/biolip_bayesian_ranking_revision/scripts/07_validate_feature_ablation.py	sklearn.metrics	15
analysis/biolip_bayesian_ranking_revision/scripts/07a_compute_reference_ligand_descriptors.py	__future__	4
analysis/biolip_bayesian_ranking_revision/scripts/07a_compute_reference_ligand_descriptors.py	hashlib	6
analysis/biolip_bayesian_ranking_revision/scripts/07a_compute_reference_ligand_descriptors.py	json	7
analysis/biolip_bayesian_ranking_revision/scripts/07a_compute_reference_ligand_descriptors.py	os	8
analysis/biolip_bayesian_ranking_revision/scripts/07a_compute_reference_ligand_descriptors.py	pathlib	9
analysis/biolip_bayesian_ranking_revision/scripts/07a_compute_reference_ligand_descriptors.py	numpy	11
analysis/biolip_bayesian_ranking_revision/scripts/07a_compute_reference_ligand_descriptors.py	pandas	12
analysis/biolip_bayesian_ranking_revision/scripts/07a_compute_reference_ligand_descriptors.py	rdkit	13
analysis/biolip_bayesian_ranking_revision/scripts/07a_compute_reference_ligand_descriptors.py	rdkit.Chem	14
analysis/biolip_bayesian_ranking_revision/scripts/07b_compare_likelihood_estimators.py	__future__	4
analysis/biolip_bayesian_ranking_revision/scripts/07b_compare_likelihood_estimators.py	hashlib	6
analysis/biolip_bayesian_ranking_revision/scripts/07b_compare_likelihood_estimators.py	itertools	7
analysis/biolip_bayesian_ranking_revision/scripts/07b_compare_likelihood_estimators.py	json	8
analysis/biolip_bayesian_ranking_revision/scripts/07b_compare_likelihood_estimators.py	math	9
analysis/biolip_bayesian_ranking_revision/scripts/07b_compare_likelihood_estimators.py	os	10
analysis/biolip_bayesian_ranking_revision/scripts/07b_compare_likelihood_estimators.py	time	11
analysis/biolip_bayesian_ranking_revision/scripts/07b_compare_likelihood_estimators.py	pathlib	12
analysis/biolip_bayesian_ranking_revision/scripts/07b_compare_likelihood_estimators.py	typing	13
analysis/biolip_bayesian_ranking_revision/scripts/07b_compare_likelihood_estimators.py	numpy	15
analysis/biolip_bayesian_ranking_revision/scripts/07b_compare_likelihood_estimators.py	pandas	16
analysis/biolip_bayesian_ranking_revision/scripts/07b_compare_likelihood_estimators.py	scipy.stats	17
analysis/biolip_bayesian_ranking_revision/scripts/07b_compare_likelihood_estimators.py	sklearn.metrics	18
analysis/biolip_bayesian_ranking_revision/scripts/07b_validate_likelihood_estimators.py	__future__	4
analysis/biolip_bayesian_ranking_revision/scripts/07b_validate_likelihood_estimators.py	hashlib	6
analysis/biolip_bayesian_ranking_revision/scripts/07b_validate_likelihood_estimators.py	itertools	7
analysis/biolip_bayesian_ranking_revision/scripts/07b_validate_likelihood_estimators.py	json	8
analysis/biolip_bayesian_ranking_revision/scripts/07b_validate_likelihood_estimators.py	math	9
analysis/biolip_bayesian_ranking_revision/scripts/07b_validate_likelihood_estimators.py	os	10
analysis/biolip_bayesian_ranking_revision/scripts/07b_validate_likelihood_estimators.py	pathlib	11
analysis/biolip_bayesian_ranking_revision/scripts/07b_validate_likelihood_estimators.py	numpy	13
analysis/biolip_bayesian_ranking_revision/scripts/07b_validate_likelihood_estimators.py	pandas	14
analysis/biolip_bayesian_ranking_revision/scripts/07b_validate_likelihood_estimators.py	scipy.stats	15
analysis/biolip_bayesian_ranking_revision/scripts/07b_validate_likelihood_estimators.py	sklearn.metrics	16
analysis/biolip_bayesian_ranking_revision/scripts/08_evaluate_heldout_rankings.py	__future__	4
analysis/biolip_bayesian_ranking_revision/scripts/08_evaluate_heldout_rankings.py	hashlib	6
analysis/biolip_bayesian_ranking_revision/scripts/08_evaluate_heldout_rankings.py	itertools	7
analysis/biolip_bayesian_ranking_revision/scripts/08_evaluate_heldout_rankings.py	json	8
analysis/biolip_bayesian_ranking_revision/scripts/08_evaluate_heldout_rankings.py	math	9
analysis/biolip_bayesian_ranking_revision/scripts/08_evaluate_heldout_rankings.py	os	10
analysis/biolip_bayesian_ranking_revision/scripts/08_evaluate_heldout_rankings.py	time	11
analysis/biolip_bayesian_ranking_revision/scripts/08_evaluate_heldout_rankings.py	pathlib	12
analysis/biolip_bayesian_ranking_revision/scripts/08_evaluate_heldout_rankings.py	typing	13
analysis/biolip_bayesian_ranking_revision/scripts/08_evaluate_heldout_rankings.py	numpy	15
analysis/biolip_bayesian_ranking_revision/scripts/08_evaluate_heldout_rankings.py	pandas	16
analysis/biolip_bayesian_ranking_revision/scripts/08_evaluate_heldout_rankings.py	scipy.stats	17
analysis/biolip_bayesian_ranking_revision/scripts/08_evaluate_heldout_rankings.py	sklearn.metrics	18
analysis/biolip_bayesian_ranking_revision/scripts/08_validate_heldout_rankings.py	__future__	4
analysis/biolip_bayesian_ranking_revision/scripts/08_validate_heldout_rankings.py	hashlib	6
analysis/biolip_bayesian_ranking_revision/scripts/08_validate_heldout_rankings.py	itertools	7
analysis/biolip_bayesian_ranking_revision/scripts/08_validate_heldout_rankings.py	json	8
analysis/biolip_bayesian_ranking_revision/scripts/08_validate_heldout_rankings.py	math	9
analysis/biolip_bayesian_ranking_revision/scripts/08_validate_heldout_rankings.py	os	10
analysis/biolip_bayesian_ranking_revision/scripts/08_validate_heldout_rankings.py	pathlib	11
analysis/biolip_bayesian_ranking_revision/scripts/08_validate_heldout_rankings.py	numpy	13
analysis/biolip_bayesian_ranking_revision/scripts/08_validate_heldout_rankings.py	pandas	14
analysis/biolip_bayesian_ranking_revision/scripts/08_validate_heldout_rankings.py	scipy.stats	15
analysis/biolip_bayesian_ranking_revision/scripts/08_validate_heldout_rankings.py	sklearn.metrics	16
analysis/biolip_bayesian_ranking_revision/scripts/08a_prepare_heldout_splits.py	__future__	4
analysis/biolip_bayesian_ranking_revision/scripts/08a_prepare_heldout_splits.py	hashlib	6
analysis/biolip_bayesian_ranking_revision/scripts/08a_prepare_heldout_splits.py	json	7
analysis/biolip_bayesian_ranking_revision/scripts/08a_prepare_heldout_splits.py	math	8
analysis/biolip_bayesian_ranking_revision/scripts/08a_prepare_heldout_splits.py	os	9
analysis/biolip_bayesian_ranking_revision/scripts/08a_prepare_heldout_splits.py	re	10
analysis/biolip_bayesian_ranking_revision/scripts/08a_prepare_heldout_splits.py	time	11
analysis/biolip_bayesian_ranking_revision/scripts/08a_prepare_heldout_splits.py	datetime	12
analysis/biolip_bayesian_ranking_revision/scripts/08a_prepare_heldout_splits.py	pathlib	13
analysis/biolip_bayesian_ranking_revision/scripts/08a_prepare_heldout_splits.py	typing	14
analysis/biolip_bayesian_ranking_revision/scripts/08a_prepare_heldout_splits.py	numpy	16
analysis/biolip_bayesian_ranking_revision/scripts/08a_prepare_heldout_splits.py	pandas	17
analysis/biolip_bayesian_ranking_revision/scripts/08a_prepare_heldout_splits.py	requests	18
analysis/biolip_bayesian_ranking_revision/scripts/08a_validate_heldout_splits.py	__future__	4
analysis/biolip_bayesian_ranking_revision/scripts/08a_validate_heldout_splits.py	hashlib	6
analysis/biolip_bayesian_ranking_revision/scripts/08a_validate_heldout_splits.py	json	7
analysis/biolip_bayesian_ranking_revision/scripts/08a_validate_heldout_splits.py	os	8
analysis/biolip_bayesian_ranking_revision/scripts/08a_validate_heldout_splits.py	collections	9
analysis/biolip_bayesian_ranking_revision/scripts/08a_validate_heldout_splits.py	pathlib	10
analysis/biolip_bayesian_ranking_revision/scripts/08a_validate_heldout_splits.py	numpy	12
analysis/biolip_bayesian_ranking_revision/scripts/08a_validate_heldout_splits.py	pandas	13
analysis/biolip_bayesian_ranking_revision/scripts/09_validate_unlabelled_rankings.py	__future__	4
analysis/biolip_bayesian_ranking_revision/scripts/09_validate_unlabelled_rankings.py	hashlib	6
analysis/biolip_bayesian_ranking_revision/scripts/09_validate_unlabelled_rankings.py	json	7
analysis/biolip_bayesian_ranking_revision/scripts/09_validate_unlabelled_rankings.py	os	8
analysis/biolip_bayesian_ranking_revision/scripts/09_validate_unlabelled_rankings.py	pathlib	9
analysis/biolip_bayesian_ranking_revision/scripts/09_validate_unlabelled_rankings.py	numpy	11
analysis/biolip_bayesian_ranking_revision/scripts/09_validate_unlabelled_rankings.py	pandas	12
analysis/biolip_bayesian_ranking_revision/scripts/09a_prepare_unlabelled_universe.py	__future__	10
analysis/biolip_bayesian_ranking_revision/scripts/09a_prepare_unlabelled_universe.py	hashlib	12
analysis/biolip_bayesian_ranking_revision/scripts/09a_prepare_unlabelled_universe.py	json	13
analysis/biolip_bayesian_ranking_revision/scripts/09a_prepare_unlabelled_universe.py	os	14
analysis/biolip_bayesian_ranking_revision/scripts/09a_prepare_unlabelled_universe.py	time	15
analysis/biolip_bayesian_ranking_revision/scripts/09a_prepare_unlabelled_universe.py	pathlib	16
analysis/biolip_bayesian_ranking_revision/scripts/09a_prepare_unlabelled_universe.py	numpy	18
analysis/biolip_bayesian_ranking_revision/scripts/09a_prepare_unlabelled_universe.py	pandas	19
analysis/biolip_bayesian_ranking_revision/scripts/09b_fetch_candidate_assets.py	__future__	8
analysis/biolip_bayesian_ranking_revision/scripts/09b_fetch_candidate_assets.py	argparse	10
analysis/biolip_bayesian_ranking_revision/scripts/09b_fetch_candidate_assets.py	gzip	11
analysis/biolip_bayesian_ranking_revision/scripts/09b_fetch_candidate_assets.py	hashlib	12
analysis/biolip_bayesian_ranking_revision/scripts/09b_fetch_candidate_assets.py	json	13
analysis/biolip_bayesian_ranking_revision/scripts/09b_fetch_candidate_assets.py	os	14
analysis/biolip_bayesian_ranking_revision/scripts/09b_fetch_candidate_assets.py	time	15
analysis/biolip_bayesian_ranking_revision/scripts/09b_fetch_candidate_assets.py	urllib.error	16
analysis/biolip_bayesian_ranking_revision/scripts/09b_fetch_candidate_assets.py	urllib.request	17
analysis/biolip_bayesian_ranking_revision/scripts/09b_fetch_candidate_assets.py	concurrent.futures	18
analysis/biolip_bayesian_ranking_revision/scripts/09b_fetch_candidate_assets.py	pathlib	19
analysis/biolip_bayesian_ranking_revision/scripts/09b_fetch_candidate_assets.py	gemmi	21
analysis/biolip_bayesian_ranking_revision/scripts/09b_fetch_candidate_assets.py	pandas	22
analysis/biolip_bayesian_ranking_revision/scripts/09c_compute_candidate_geometry.py	__future__	11
analysis/biolip_bayesian_ranking_revision/scripts/09c_compute_candidate_geometry.py	argparse	13
analysis/biolip_bayesian_ranking_revision/scripts/09c_compute_candidate_geometry.py	hashlib	14
analysis/biolip_bayesian_ranking_revision/scripts/09c_compute_candidate_geometry.py	json	15
analysis/biolip_bayesian_ranking_revision/scripts/09c_compute_candidate_geometry.py	os	16
analysis/biolip_bayesian_ranking_revision/scripts/09c_compute_candidate_geometry.py	re	17
analysis/biolip_bayesian_ranking_revision/scripts/09c_compute_candidate_geometry.py	time	18
analysis/biolip_bayesian_ranking_revision/scripts/09c_compute_candidate_geometry.py	collections	19
analysis/biolip_bayesian_ranking_revision/scripts/09c_compute_candidate_geometry.py	concurrent.futures	20
analysis/biolip_bayesian_ranking_revision/scripts/09c_compute_candidate_geometry.py	pathlib	21
analysis/biolip_bayesian_ranking_revision/scripts/09c_compute_candidate_geometry.py	typing	22
analysis/biolip_bayesian_ranking_revision/scripts/09c_compute_candidate_geometry.py	gemmi	24
analysis/biolip_bayesian_ranking_revision/scripts/09c_compute_candidate_geometry.py	numpy	25
analysis/biolip_bayesian_ranking_revision/scripts/09c_compute_candidate_geometry.py	pandas	26
analysis/biolip_bayesian_ranking_revision/scripts/09c_compute_candidate_geometry.py	Bio.Align	27
analysis/biolip_bayesian_ranking_revision/scripts/09d_compute_candidate_descriptors.py	__future__	4
analysis/biolip_bayesian_ranking_revision/scripts/09d_compute_candidate_descriptors.py	hashlib	6
analysis/biolip_bayesian_ranking_revision/scripts/09d_compute_candidate_descriptors.py	json	7
analysis/biolip_bayesian_ranking_revision/scripts/09d_compute_candidate_descriptors.py	os	8
analysis/biolip_bayesian_ranking_revision/scripts/09d_compute_candidate_descriptors.py	time	9
analysis/biolip_bayesian_ranking_revision/scripts/09d_compute_candidate_descriptors.py	pathlib	10
analysis/biolip_bayesian_ranking_revision/scripts/09d_compute_candidate_descriptors.py	pandas	12
analysis/biolip_bayesian_ranking_revision/scripts/09d_compute_candidate_descriptors.py	rdkit	13
analysis/biolip_bayesian_ranking_revision/scripts/09d_compute_candidate_descriptors.py	rdkit.Chem	14
analysis/biolip_bayesian_ranking_revision/scripts/09e_score_unlabelled_rankings.py	__future__	10
analysis/biolip_bayesian_ranking_revision/scripts/09e_score_unlabelled_rankings.py	hashlib	12
analysis/biolip_bayesian_ranking_revision/scripts/09e_score_unlabelled_rankings.py	itertools	13
analysis/biolip_bayesian_ranking_revision/scripts/09e_score_unlabelled_rankings.py	json	14
analysis/biolip_bayesian_ranking_revision/scripts/09e_score_unlabelled_rankings.py	math	15
analysis/biolip_bayesian_ranking_revision/scripts/09e_score_unlabelled_rankings.py	os	16
analysis/biolip_bayesian_ranking_revision/scripts/09e_score_unlabelled_rankings.py	time	17
analysis/biolip_bayesian_ranking_revision/scripts/09e_score_unlabelled_rankings.py	pathlib	18
analysis/biolip_bayesian_ranking_revision/scripts/09e_score_unlabelled_rankings.py	typing	19
analysis/biolip_bayesian_ranking_revision/scripts/09e_score_unlabelled_rankings.py	numpy	21
analysis/biolip_bayesian_ranking_revision/scripts/09e_score_unlabelled_rankings.py	pandas	22
analysis/biolip_bayesian_ranking_revision/scripts/09e_score_unlabelled_rankings.py	scipy.cluster.hierarchy	23
analysis/biolip_bayesian_ranking_revision/scripts/09e_score_unlabelled_rankings.py	scipy.stats	24
analysis/biolip_bayesian_ranking_revision/scripts/10_filter_ranked_candidates.py	__future__	9
analysis/biolip_bayesian_ranking_revision/scripts/10_filter_ranked_candidates.py	hashlib	11
analysis/biolip_bayesian_ranking_revision/scripts/10_filter_ranked_candidates.py	json	12
analysis/biolip_bayesian_ranking_revision/scripts/10_filter_ranked_candidates.py	os	13
analysis/biolip_bayesian_ranking_revision/scripts/10_filter_ranked_candidates.py	time	14
analysis/biolip_bayesian_ranking_revision/scripts/10_filter_ranked_candidates.py	pathlib	15
analysis/biolip_bayesian_ranking_revision/scripts/10_filter_ranked_candidates.py	numpy	17
analysis/biolip_bayesian_ranking_revision/scripts/10_filter_ranked_candidates.py	pandas	18
analysis/biolip_bayesian_ranking_revision/scripts/10_filter_ranked_candidates.py	rdkit	19
analysis/biolip_bayesian_ranking_revision/scripts/10_filter_ranked_candidates.py	rdkit.Chem	20
analysis/biolip_bayesian_ranking_revision/scripts/10_validate_candidate_filtering.py	__future__	4
analysis/biolip_bayesian_ranking_revision/scripts/10_validate_candidate_filtering.py	hashlib	6
analysis/biolip_bayesian_ranking_revision/scripts/10_validate_candidate_filtering.py	json	7
analysis/biolip_bayesian_ranking_revision/scripts/10_validate_candidate_filtering.py	os	8
analysis/biolip_bayesian_ranking_revision/scripts/10_validate_candidate_filtering.py	pathlib	9
analysis/biolip_bayesian_ranking_revision/scripts/10_validate_candidate_filtering.py	pandas	11
analysis/biolip_consensus60_pipeline_v2/scripts/analysis_steps.py	importlib.util	1
analysis/biolip_consensus60_pipeline_v2/scripts/analysis_steps.py	itertools	1
analysis/biolip_consensus60_pipeline_v2/scripts/analysis_steps.py	math	1
analysis/biolip_consensus60_pipeline_v2/scripts/analysis_steps.py	statistics	1
analysis/biolip_consensus60_pipeline_v2/scripts/analysis_steps.py	collections	2
analysis/biolip_consensus60_pipeline_v2/scripts/analysis_steps.py	fractions	3
analysis/biolip_consensus60_pipeline_v2/scripts/analysis_steps.py	numpy	4
analysis/biolip_consensus60_pipeline_v2/scripts/analysis_steps.py	scipy.stats	5
analysis/biolip_consensus60_pipeline_v2/scripts/analysis_steps.py	sklearn.metrics	6
analysis/biolip_consensus60_pipeline_v2/scripts/analysis_steps.py	common	7
analysis/biolip_consensus60_pipeline_v2/scripts/common.py	csv	1
analysis/biolip_consensus60_pipeline_v2/scripts/common.py	gzip	1
analysis/biolip_consensus60_pipeline_v2/scripts/common.py	hashlib	1
analysis/biolip_consensus60_pipeline_v2/scripts/common.py	io	1
analysis/biolip_consensus60_pipeline_v2/scripts/common.py	json	1
analysis/biolip_consensus60_pipeline_v2/scripts/common.py	math	1
analysis/biolip_consensus60_pipeline_v2/scripts/common.py	os	1
analysis/biolip_consensus60_pipeline_v2/scripts/common.py	sys	1
analysis/biolip_consensus60_pipeline_v2/scripts/common.py	time	1
analysis/biolip_consensus60_pipeline_v2/scripts/common.py	uuid	1
analysis/biolip_consensus60_pipeline_v2/scripts/common.py	pathlib	2
analysis/biolip_consensus60_pipeline_v2/scripts/common.py	concurrent.futures	3
analysis/biolip_consensus60_pipeline_v2/scripts/common.py	ctypes	7
analysis/biolip_consensus60_pipeline_v2/scripts/common.py	signal	7
analysis/biolip_consensus60_pipeline_v2/scripts/common.py	threadpoolctl	11
analysis/biolip_consensus60_pipeline_v2/scripts/common.py	importlib.metadata	20
analysis/biolip_consensus60_pipeline_v2/scripts/freeze_package.py	json	1
analysis/biolip_consensus60_pipeline_v2/scripts/freeze_package.py	os	1
analysis/biolip_consensus60_pipeline_v2/scripts/freeze_package.py	subprocess	1
analysis/biolip_consensus60_pipeline_v2/scripts/freeze_package.py	sys	1
analysis/biolip_consensus60_pipeline_v2/scripts/freeze_package.py	pathlib	2
analysis/biolip_consensus60_pipeline_v2/scripts/freeze_package.py	common	3
analysis/biolip_consensus60_pipeline_v2/scripts/make_report.py	argparse	1
analysis/biolip_consensus60_pipeline_v2/scripts/make_report.py	json	1
analysis/biolip_consensus60_pipeline_v2/scripts/make_report.py	pathlib	2
analysis/biolip_consensus60_pipeline_v2/scripts/make_report.py	matplotlib	3
analysis/biolip_consensus60_pipeline_v2/scripts/make_report.py	matplotlib.pyplot	5
analysis/biolip_consensus60_pipeline_v2/scripts/make_report.py	common	6
analysis/biolip_consensus60_pipeline_v2/scripts/run_pipeline.py	argparse	2
analysis/biolip_consensus60_pipeline_v2/scripts/run_pipeline.py	fcntl	2
analysis/biolip_consensus60_pipeline_v2/scripts/run_pipeline.py	json	2
analysis/biolip_consensus60_pipeline_v2/scripts/run_pipeline.py	os	2
analysis/biolip_consensus60_pipeline_v2/scripts/run_pipeline.py	sys	2
analysis/biolip_consensus60_pipeline_v2/scripts/run_pipeline.py	uuid	2
analysis/biolip_consensus60_pipeline_v2/scripts/run_pipeline.py	subprocess	2
analysis/biolip_consensus60_pipeline_v2/scripts/run_pipeline.py	collections	3
analysis/biolip_consensus60_pipeline_v2/scripts/run_pipeline.py	pathlib	4
analysis/biolip_consensus60_pipeline_v2/scripts/run_pipeline.py	numpy	5
analysis/biolip_consensus60_pipeline_v2/scripts/run_pipeline.py	scipy.stats	6
analysis/biolip_consensus60_pipeline_v2/scripts/run_pipeline.py	common	7
analysis/biolip_consensus60_pipeline_v2/scripts/run_pipeline.py	analysis_steps	8
analysis/biolip_consensus60_pipeline_v2/scripts/run_pipeline.py	spatial	9
analysis/biolip_consensus60_pipeline_v2/scripts/spatial.py	importlib.util	2
analysis/biolip_consensus60_pipeline_v2/scripts/spatial.py	itertools	2
analysis/biolip_consensus60_pipeline_v2/scripts/spatial.py	collections	3
analysis/biolip_consensus60_pipeline_v2/scripts/spatial.py	numpy	4
analysis/biolip_consensus60_pipeline_v2/scripts/spatial.py	gemmi	5
analysis/biolip_consensus60_pipeline_v2/scripts/spatial.py	common	6
analysis/biolip_consensus60_pipeline_v2/scripts/spatial.py	analysis_steps	7
analysis/biolip_consensus60_pipeline_v2/scripts/test_pipeline.py	argparse	2
analysis/biolip_consensus60_pipeline_v2/scripts/test_pipeline.py	json	2
analysis/biolip_consensus60_pipeline_v2/scripts/test_pipeline.py	os	2
analysis/biolip_consensus60_pipeline_v2/scripts/test_pipeline.py	subprocess	2
analysis/biolip_consensus60_pipeline_v2/scripts/test_pipeline.py	sys	2
analysis/biolip_consensus60_pipeline_v2/scripts/test_pipeline.py	tempfile	2
analysis/biolip_consensus60_pipeline_v2/scripts/test_pipeline.py	pathlib	3
analysis/biolip_consensus60_pipeline_v2/scripts/test_pipeline.py	numpy	4
analysis/biolip_consensus60_pipeline_v2/scripts/test_pipeline.py	common	5
analysis/biolip_consensus60_pipeline_v2/scripts/test_pipeline.py	spatial	6
analysis/biolip_consensus60_pipeline_v2/scripts/test_pipeline.py	analysis_steps	24
analysis/biolip_consensus60_pipeline_v2/scripts/test_pipeline.py	gemmi	56
analysis/biolip_consensus60_pipeline_v2/scripts/validate_pipeline.py	argparse	2
analysis/biolip_consensus60_pipeline_v2/scripts/validate_pipeline.py	json	2
analysis/biolip_consensus60_pipeline_v2/scripts/validate_pipeline.py	gzip	2
analysis/biolip_consensus60_pipeline_v2/scripts/validate_pipeline.py	math	2
analysis/biolip_consensus60_pipeline_v2/scripts/validate_pipeline.py	itertools	2
analysis/biolip_consensus60_pipeline_v2/scripts/validate_pipeline.py	pathlib	3
analysis/biolip_consensus60_pipeline_v2/scripts/validate_pipeline.py	collections	4
analysis/biolip_consensus60_pipeline_v2/scripts/validate_pipeline.py	fractions	5
analysis/biolip_consensus60_pipeline_v2/scripts/validate_pipeline.py	numpy	6
analysis/biolip_consensus60_pipeline_v2/scripts/validate_pipeline.py	scipy.stats	7
analysis/biolip_consensus60_pipeline_v2/scripts/validate_pipeline.py	sklearn.metrics	8
analysis/biolip_consensus60_pipeline_v2/scripts/validate_pipeline.py	common	9
analysis/biolip_neural_ranking_comparison/scripts/common.py	hashlib	2
analysis/biolip_neural_ranking_comparison/scripts/common.py	json	3
analysis/biolip_neural_ranking_comparison/scripts/common.py	os	4
analysis/biolip_neural_ranking_comparison/scripts/common.py	pathlib	5
analysis/biolip_neural_ranking_comparison/scripts/prepare.py	numpy	2
analysis/biolip_neural_ranking_comparison/scripts/prepare.py	pandas	3
analysis/biolip_neural_ranking_comparison/scripts/prepare.py	common	4
analysis/biolip_neural_ranking_comparison/scripts/run_comparison.py	argparse	2
analysis/biolip_neural_ranking_comparison/scripts/run_comparison.py	multiprocessing	3
analysis/biolip_neural_ranking_comparison/scripts/run_comparison.py	concurrent.futures	4
analysis/biolip_neural_ranking_comparison/scripts/run_comparison.py	numpy	5
analysis/biolip_neural_ranking_comparison/scripts/run_comparison.py	pandas	6
analysis/biolip_neural_ranking_comparison/scripts/run_comparison.py	common	7
analysis/biolip_neural_ranking_comparison/scripts/run_comparison.py	statistics_core	8
analysis/biolip_neural_ranking_comparison/scripts/statistics_core.py	numpy	2
analysis/biolip_neural_ranking_comparison/scripts/statistics_core.py	pandas	3
analysis/biolip_neural_ranking_comparison/scripts/test_statistics.py	numpy	2
analysis/biolip_neural_ranking_comparison/scripts/test_statistics.py	multiprocessing	3
analysis/biolip_neural_ranking_comparison/scripts/test_statistics.py	concurrent.futures	4
analysis/biolip_neural_ranking_comparison/scripts/test_statistics.py	statistics_core	5
analysis/biolip_neural_ranking_comparison/scripts/test_statistics.py	run_comparison	6
